name,length,pt1x,pt1y,pt1z,pt2x,pt2y,pt2z
transom_curves1_001_line_001,2920.730580723016,11863.435861269203,66739.4060246806,1000.0000237487218,9734.828911555393,64739.48113139069,1000.0000237487228
transom_curves1_001_line_002,2692.775900608942,12075.689492865304,66739.40937904909,1951.8085741180473,10341.691537439094,64739.50417478268,2446.45219878754
transom_curves1_001_line_003,2541.520897848099,12524.543277865394,66739.41311719807,2845.3265874464287,11251.89935707412,64739.526567912966,3761.9288540049088
transom_curves1_001_line_004,2505.995728710724,12873.244612902321,66739.41689945945,3781.657218083286,12132.60083976751,64739.5455126679,5097.702745382955
transom_curves1_001_line_005,2597.4918793100405,13288.396767833197,66739.42041080326,4687.162528685501,13117.237672056715,64739.5582052955,6335.864983950316
transom_curves1_001_line_006,2261.6959799175293,14168.862958337439,66739.42333855873,5068.6944460167,14616.619715092078,64739.56273606797,6025.4285590078625
transom_curves1_001_line_007,2312.093440692602,15165.804283843667,66739.42518886058,4999.718002312189,16150.98912322878,64739.559642367414,5612.681872935146
transom_curves1_002_line_001,2182.940285078234,9734.828911555393,64739.48113139069,1000.0000237487228,8859.065359898072,62739.91455590339,1000.0000237487214
transom_curves1_002_line_002,2090.910195041912,10115.239173530263,64739.498366357,2116.7813747518117,9542.450434104054,62739.9535253764,2330.414079702597
transom_curves1_002_line_003,2085.7197222217424,10809.25629540684,64739.51562711164,3095.5723734985804,10422.161772671412,62739.976081704,3545.268044462814
transom_curves1_002_line_004,2121.915356914244,11471.369167941955,64739.53173690439,4096.343078445304,11275.423227062143,62739.98366565967,4778.939211559705
transom_curves1_002_line_005,2218.634341647885,12132.60083976751,64739.5455126679,5097.702745382955,12059.635662919207,62739.97771767211,6056.213599845498
transom_curves1_002_line_006,2226.0329505419527,12807.385835783392,64739.55577037495,6087.945837545697,13148.91338179082,62739.95968748701,7004.568517559596
transom_curves1_002_line_007,2187.118507585757,13890.689464500454,64739.56148015017,6360.514767370122,14630.951950365334,62739.93109405898,6847.317743188965
transom_curves1_002_line_008,2302.3004354057475,14979.46037671969,64739.56264377205,5857.247741928372,16028.75649885852,62739.89339907663,6305.4528899947045
transom_curves1_002_line_009,2444.7707772250715,16150.98912322878,64739.559642367414,5612.681872935146,17498.22078821057,62739.848041817575,6016.444809161932
transom_curves1_003_line_001,2005.808057417575,8859.065359898072,62739.91455590339,1000.0000237487214,8709.362752496903,60739.70079419227,1000.0000237487216
transom_curves1_003_line_002,2005.0758785776973,9378.922669236363,62739.94709071003,2078.919926379457,9286.465168110528,60739.741178548466,2183.5965631882623
transom_curves1_003_line_003,2010.557953720009,10071.220643624118,62739.96893650873,3058.636439047984,10048.187400072522,60739.77859304331,3261.2477538010235
transom_curves1_003_line_004,2023.899102387838,10763.526256398452,62739.98083132069,4038.6950489758733,10801.112601712726,60739.811810020066,4345.4176101309395
transom_curves1_003_line_005,2044.087261321323,11446.047181030941,62739.98351251436,5025.692983556264,11545.750579801816,60739.839602882836,5435.298043258376
transom_curves1_003_line_006,2068.207350424649,12059.635662919207,62739.97771767211,6056.213599845498,12270.01556999271,60739.860745314625,6538.659488974855
transom_curves1_003_line_007,2119.407415623452,12863.389682782983,62739.96418769939,6916.283632031517,13074.524544418848,60739.874012252476,7584.826191396595
transom_curves1_003_line_008,2279.0439292129754,14043.44386831146,62739.943704063415,6967.780178539407,14213.807130456187,60739.878244634274,8047.018682389425
transom_curves1_003_line_009,2156.960316051836,15194.413273218624,62739.91702754755,6642.417443567142,15376.246672072739,60739.87314797033,7429.33478347604
transom_curves1_003_line_010,2134.2988507908267,16316.876677961538,62739.884894660856,6221.965896735824,16590.291728335975,60739.85914355762,6915.055205295506
transom_curves1_003_line_011,2102.5717709683577,17498.22078821057,62739.848041817575,6016.444809161932,17858.812333090988,60739.836822376266,6555.64506133422
transom_curves1_004_line_001,2015.0398469761467,8709.362752496903,60739.70079419227,1000.0000237487216,8464.998032918114,58739.53293405482,1000.0000237487226
transom_curves1_004_line_002,2000.5025205906013,9286.465168110528,60739.741178548466,2183.5965631882623,9253.925757881832,58739.51204482234,2189.507084700503
transom_curves1_004_line_003,2003.49263808645,10048.187400072522,60739.77859304331,3261.2477538010235,10076.13476447888,58739.48251136812,3370.8711150167437
transom_curves1_004_line_004,2014.4333468067246,10801.112601712726,60739.811810020066,4345.4176101309395,10868.247885668705,58739.44796375983,4573.4067435343395
transom_curves1_004_line_005,2033.230451340936,11545.750579801816,60739.839602882836,5435.298043258376,11646.970530259248,58739.41202515789,5784.683355151967
transom_curves1_004_line_006,2058.8908352294916,12270.01556999271,60739.860745314625,6538.659488974855,12412.572442129622,58739.37831866463,7004.25488227583
transom_curves1_004_line_007,2093.3450041452793,13074.524544418848,60739.874012252476,7584.826191396595,13248.701307861158,58739.350466682416,8176.147850966542
transom_curves1_004_line_008,2190.325581046516,14213.807130456187,60739.878244634274,8047.018682389425,14385.369003955137,58739.33201758643,8922.18007778625
transom_curves1_004_line_009,2184.8812954737077,15376.246672072739,60739.87314797033,7429.33478347604,15652.197476930101,58739.32413303753,8263.217909256182
transom_curves1_004_line_010,2162.423262336631,16590.291728335975,60739.85914355762,6915.055205295506,16953.492281209095,58739.32484522301,7651.276805816773
transom_curves1_004_line_011,2145.1074324507663,17858.812333090988,60739.836822376266,6555.64506133422,18314.113691270424,58739.33199041646,7181.8774361767755
transom_curves1_005_line_001,2004.2097689116576,8464.998032918114,58739.53293405482,1000.0000237487226,8337.219683590241,56739.40056562418,1000.0000237487247
transom_curves1_005_line_002,2000.656744416787,9172.396792544998,58739.51435572878,2087.0856427978147,9192.477020368568,56739.40056562415,2129.1453630086853
transom_curves1_005_line_003,2007.098663812857,9931.366438599558,58739.48836021241,3152.717700002008,9967.69026784161,56739.40056562425,3316.3466694665476
transom_curves1_005_line_004,2019.4196201433838,10655.052140166445,58739.45767621737,4243.587537127378,10729.770681850698,56739.400565624404,4512.370527874849
transom_curves1_005_line_005,2036.9405554120856,11363.83265858373,58739.425026042896,5344.197278318001,11491.847607237589,56739.40056562423,5708.396615125013
transom_curves1_005_line_006,2059.787251548079,12066.184688957514,58739.39313174653,6448.889066354796,12253.943626823988,56739.40056562414,6904.410567874122
transom_curves1_005_line_007,2091.777670564711,12784.472630974527,58739.36471526135,7542.645798779037,12972.807833801864,56739.40056562423,8125.918526253408
transom_curves1_005_line_008,2117.9203764206136,13578.025747517837,58739.342497206264,8582.357804658737,13828.012159377731,56739.400565624244,9232.992713838248
transom_curves1_005_line_009,2138.6494567174573,14758.391886338019,58739.32889223564,8807.78158076961,15200.444817606014,56739.40056562407,9423.165520348719
transom_curves1_005_line_010,2214.975180130875,15877.604839448728,58739.32368582175,8130.271639419434,16492.056818795543,56739.400565624186,8857.507039391014
transom_curves1_005_line_011,2208.869446542462,17074.936539606377,58739.325261735845,7602.4055495807215,17765.964957690383,56739.400565624266,8236.349685252097
transom_curves1_005_line_012,2214.5530883240763,18314.113691270424,58739.33199041646,7181.8774361767755,19090.231810564066,56739.40056562503,7731.568569488497
transom_curves1_006_line_001,4760.300802099238,8337.219683590241,56739.40056562418,1000.0000237487247,12656.995420265175,54739.40023779891,1000.0000237487229
transom_curves1_006_line_002,4251.741712805261,9119.826767930354,56739.40056562416,2035.9399014058292,12871.25185191072,54739.40023779864,1971.7829034325348
transom_curves1_006_line_003,4028.1170808126367,9840.675350206102,56739.400565624346,3117.0102991586036,13327.784385826653,54739.400237798625,2860.5020553826284
transom_curves1_006_line_004,3863.0787958671326,10539.251858137819,56739.4005656244,4213.363741509302,13809.733530648073,54739.400237798734,3736.5764707584644
transom_curves1_006_line_005,3693.858663406039,11237.820633359664,56739.400565624295,5309.722109798702,14267.15658045031,54739.40023779864,4625.825748073082
transom_curves1_006_line_006,3544.765835199071,11936.401057869625,56739.40056562435,6406.073066691836,14724.201619786278,54739.400237798676,5515.269192615759
transom_curves1_006_line_007,3420.4071468609663,12632.339827831089,56739.40056562406,7504.060556818922,15180.233268906844,54739.40023779865,6405.232657683233
transom_curves1_006_line_008,3375.1058928439056,13264.432159030395,56739.40056562485,8639.630922080694,15629.364417315652,54739.40023779829,7298.573917205392
transom_curves1_006_line_009,2908.258014422003,14262.604831438495,56739.400565624375,9412.428181578789,16007.812615340286,54739.40023779867,8224.062430576398
transom_curves1_006_line_010,2278.9527823439453,15543.919227724997,56739.40056562417,9336.775077781429,16588.293506072965,54739.40023779872,9015.984118469205
transom_curves1_006_line_011,2210.978010351378,16698.243086981307,56739.40056562409,8741.947630858285,17558.43728313692,54739.40023779871,9127.289551567566
transom_curves1_006_line_012,2213.2496618573205,17874.189034659634,56739.40056562418,8188.868585308187,18525.014122678756,54739.40023779868,8877.998079100433
transom_curves1_006_line_013,2155.4569870157866,19090.231810564066,56739.40056562503,7731.568569488497,19432.58778925318,54739.40023779872,8458.74522988516
transom_curves1_007_line_001,2012.873606886223,12656.995420265175,54739.40023779891,1000.0000237487229,12429.70959581406,52739.399909973254,1000.0000237487226
transom_curves1_007_line_002,2000.5546394693438,12951.449783867178,54739.40023779882,2154.9016890407484,12993.22566269378,52739.39990997318,2176.6348468396163
transom_curves1_007_line_003,2006.4642676774654,13525.523061103284,54739.400237798625,3208.2074278526015,13625.703483482806,52739.399909972824,3334.1495936868314
transom_curves1_007_line_004,2019.2249183076926,14084.145340637231,54739.40023779862,4270.147672429553,14217.209867717063,52739.39990997333,4514.200517212102
transom_curves1_007_line_005,2039.1919714298033,14632.883765651693,54739.40023779865,5337.333698210713,14809.5996965454,52739.3999099733,5693.808192123856
transom_curves1_007_line_006,2066.0062013521424,15180.233268906844,54739.40023779865,6405.232657683233,15401.6559260719,52739.399909973145,6873.583295151954
transom_curves1_007_line_007,2099.4100827350057,15709.018887864991,54739.400237798094,7481.984473832742,15993.067986145748,52739.39990997317,8053.681503696903
transom_curves1_007_line_008,2138.70139653992,16186.379468998011,54739.40023779869,8581.597966655347,16484.257048294734,52739.39990997297,9278.240845045084
transom_curves1_007_line_009,2216.4716653185124,17160.80167903103,54739.4002377988,9165.390041198265,17412.97897252498,52739.39990997303,10086.884449484442
transom_curves1_007_line_010,2179.7546465443797,18337.039883441128,54739.40023779864,8945.850001069672,18679.776092039592,52739.39990997324,9742.003817329854
transom_curves1_007_line_011,2165.403916809715,19432.58778925318,54739.40023779872,8458.74522988516,19867.281269191135,52739.39990997281,9165.862186357383
transom_curves1_008_line_001,2007.594511749459,12429.70959581406,52739.399909973254,1000.0000237487226,12604.102065716917,50739.39416246958,1000.0000237487221
transom_curves1_008_line_002,2005.7754186945963,12993.22566269378,52739.39990997318,2176.6348468396163,13006.039147541935,50739.39038920139,2328.0705152527285
transom_curves1_008_line_003,2017.6364261251406,13625.703483482806,52739.399909972824,3334.1495936868314,13697.485371458915,50739.386676205664,3590.3744428756654
transom_curves1_008_line_004,2036.6341457808026,14217.209867717063,52739.39990997333,4514.200517212102,14343.532276030344,50739.38313719572,4877.317855721958
transom_curves1_008_line_005,2062.46649956885,14809.5996965454,52739.3999099733,5693.808192123856,14989.853595708137,50739.379883800306,6164.123499749922
transom_curves1_008_line_006,2094.8542768699363,15401.6559260719,52739.399909973145,6873.583295151954,15636.215141719054,50739.377027591916,7450.908927379329
transom_curves1_008_line_007,2133.712326808925,15993.067986145748,52739.39990997317,8053.681503696903,16272.432022396486,50739.3746801434,8742.581430297585
transom_curves1_008_line_008,2178.48587680803,16484.257048294734,52739.39990997297,9278.240845045084,16872.000092702277,50739.37295325985,10049.828960159932
transom_curves1_008_line_009,2224.0134273928766,17412.97897252498,52739.39990997303,10086.884449484442,18030.487119886147,50739.37196081046,10838.421285397993
transom_curves1_008_line_010,2247.261115915558,18679.776092039592,52739.39990997324,9742.003817329854,19390.275159261353,50739.37183457381,10480.42192125005
transom_curves1_008_line_011,2234.649999766081,19867.281269191135,52739.39990997281,9165.862186357383,20649.443287016984,50739.37270840866,9783.741132696068
transom_curves1_009_line_001,2032.220458637844,12604.102065716917,50739.39416246958,1000.0000237487221,12243.629653599353,48739.39925432397,1000.0000237487218
transom_curves1_009_line_002,2000.0417970154958,12939.728284968285,50739.390731495834,2215.199546045731,12943.716466383197,48739.399254322045,2228.8148113820644
transom_curves1_009_line_003,2004.5079624759173,13579.949431418443,50739.38734164918,3356.421341607024,13590.311819068706,48739.399254322314,3490.557254405109
transom_curves1_009_line_004,2014.3471605903844,14167.274064827006,50739.38407875109,4526.365139752347,14222.465326251282,48739.399254322154,4760.051061653705
transom_curves1_009_line_005,2029.8870462699063,14754.821925717788,50739.38102676937,5696.197009773223,14859.043437217495,48739.39925432227,6027.334756088014
transom_curves1_009_line_006,2051.121532583786,15342.417522233673,50739.37826949976,6866.004901076293,15495.602033156278,48739.39925432219,7294.628262422397
transom_curves1_009_line_007,2077.9428245113713,15929.956535558413,50739.37589080289,8035.84117624573,16129.829965215664,48739.399254322096,8563.089170633864
transom_curves1_009_line_008,2109.751208300384,16472.774909073694,50739.37397449122,9226.371162283089,16755.570997407216,48739.39925432205,9835.614670276758
transom_curves1_009_line_009,2158.7511964135415,17121.458463965104,50739.37260464614,10351.698384325062,17296.77904068429,48739.399254322096,11145.15665127385
transom_curves1_009_line_010,2170.027198531404,18291.252103677754,50739.37186913707,10859.487285285455,18489.193641240996,48739.39925432206,11677.990022032971
transom_curves1_009_line_011,2184.6092416520924,19503.015944155366,50739.371870881645,10413.888545063892,19829.80098044023,48739.39925432213,11229.87789045029
transom_curves1_009_line_012,2182.0911924914617,20649.443287016984,50739.37270840866,9783.741132696068,21072.57153893022,48739.3992543221,10547.01738526178
transom_curves1_010_line_001,2024.6816262901089,12243.629653599353,48739.39925432397,1000.0000237487218,12555.808732327698,46738.92933187048,1000.0000237487188
transom_curves1_010_line_002,2012.0733527033435,12880.908490789765,48739.39925432208,2128.7044318055773,12901.359171583079,46738.91736487224,2343.3975995989817
transom_curves1_010_line_003,2024.1733158169661,13485.373362590493,48739.399254322256,3278.765618285966,13561.071576862974,46738.90811561576,3578.069137774473
transom_curves1_010_line_004,2041.525375223921,14063.564853182057,48739.39925432212,4443.107710251736,14182.54646526978,46738.90150887319,4832.566314113478
transom_curves1_010_line_005,2063.634389857529,14646.85080227262,48739.39925432221,5604.906827490509,14807.735593486443,46738.897465053284,6085.214614321577
transom_curves1_010_line_006,2090.2160907967773,15230.422227437875,48739.39925432227,6766.562722784263,15435.407667226664,46738.89590459901,7336.624669809657
transom_curves1_010_line_007,2121.261270267968,15813.281200595728,48739.39925432208,7928.576035137505,16060.304386166643,46738.89674796168,8589.422949766764
transom_curves1_010_line_008,2156.5106585641342,16393.289612249715,48739.399254322125,9092.014845693397,16682.075694006973,46738.89991558941,9843.774923919147
transom_curves1_010_line_009,2195.4871892567603,16930.59861420999,48739.39925432209,10274.636694020644,17280.306172804987,46738.905328045934,11108.838511678872
transom_curves1_010_line_010,2242.8419115841793,17505.437244247023,48739.399254322176,11429.655157563679,17833.334869260027,46738.91290451737,12389.278704645578
transom_curves1_010_line_011,2221.6126600206717,18720.190664385,48739.399254322154,11628.614033289283,19102.57220954348,46738.92252938995,12515.992215402674
transom_curves1_010_line_012,2184.2343009122915,19934.45111170066,48739.39925432207,11174.966187299759,20375.21494189922,46738.93397541598,11933.085831657889
transom_curves1_010_line_013,2192.686947156636,21072.57153893022,48739.3992543221,10547.01738526178,21607.21427935365,46738.94706642781,11268.28310071799
transom_curves1_011_line_001,2000.4904923713377,12555.808732327698,46738.92933187048,1000.0000237487188,12506.210002499078,44739.05379172617,1000.0000237487202
transom_curves1_011_line_002,2001.53626530629,12854.352832894876,46738.91818813387,2246.5150142530674,12798.460916998396,44739.06332132869,2306.5485614521494
transom_curves1_011_line_003,2004.2627719855411,13462.20382722923,46738.90936460048,3386.7184207495743,13464.830164944311,44739.07484607754,3519.8509113051005
transom_curves1_011_line_004,2012.0485821129525,14039.321398443932,46738.9028031308,4542.971219870598,14078.581436500623,44739.08820459478,4761.007266607736
transom_curves1_011_line_005,2023.9490414256495,14614.35270313969,46738.898441111945,5700.292306176734,14692.461445879442,44739.10323298537,6002.099980282954
transom_curves1_011_line_006,2040.1213997436357,15194.313331376847,46738.89621595334,6855.153646336427,15307.19024924666,44739.11976719276,7242.772379225666
transom_curves1_011_line_007,2060.197685050595,15772.17386789828,46738.896065087734,8011.067002295321,15923.0139840633,44739.13764315801,8482.901734764519
transom_curves1_011_line_008,2084.1449761969307,16347.766795125382,46738.89792594532,9168.111183851699,16537.359780097402,44739.15669684647,9723.76377180439
transom_curves1_011_line_009,2112.158069372568,16920.69756369762,46738.90173595801,10326.476101840544,17141.410573515426,44739.17676418667,10969.591577153435
transom_curves1_011_line_010,2142.646885133477,17425.615578225,46738.90743259049,11514.352748707184,17759.16392038132,44739.197681207,12207.780530122629
transom_curves1_011_line_011,2183.848802594245,18066.853087587944,46738.9149515985,12609.499710961061,18509.638878929938,44739.219282447,13367.360889775951
transom_curves1_011_line_012,2257.871372724599,19298.87060535309,46738.9241764763,12427.365244863926,19770.013657937743,44739.24135847128,13363.995367775835
transom_curves1_011_line_013,2187.6326553097565,20470.651684633616,46738.93492614841,11883.192851484127,20944.96755203328,44739.2635021721,12632.90965711348
transom_curves1_011_line_014,2203.822822508281,21607.21427935365,46738.94706642781,11268.28310071799,22176.14633536159,44739.285290931824,11999.380995855967
transom_curves1_012_line_001,2010.8212671032798,12506.210002499078,44739.05379172617,1000.0000237487202,12292.19109965487,42739.65436253244,1000.0000237487208
transom_curves1_012_line_002,2000.4324079303176,12798.460916998396,44739.06332132869,2306.5485614521494,12757.303507908366,42739.635589770885,2354.763005890353
transom_curves1_012_line_003,2004.0814457870413,13464.830164944311,44739.07484607754,3519.8509113051005,13455.040176333614,42739.61549161783,3655.530266162124
transom_curves1_012_line_004,2011.6268969416194,14078.581436500623,44739.08820459478,4761.007266607736,14109.773981867549,42739.594435662446,4979.39789281058
transom_curves1_012_line_005,2023.3530060366686,14692.461445879442,44739.10323298537,6002.099980282954,14764.872180787186,42739.57278781693,6303.0851482767175
transom_curves1_012_line_006,2039.08828103171,15307.19024924666,44739.11976719276,7242.772379225666,15423.736116659142,42739.55091390613,7624.901257480023
transom_curves1_012_line_007,2058.9093430653415,15923.0139840633,44739.13764315801,8482.901734764519,16082.036167275535,42739.52917970307,8946.998299164181
transom_curves1_012_line_008,2082.69328936177,16537.359780097402,44739.15669684647,9723.76377180439,16737.25537025582,42739.5079510721,10270.625714264048
transom_curves1_012_line_009,2109.98555991393,17141.410573515426,44739.17676418667,10969.591577153435,17392.0707605416,42739.48759381196,11594.452966240175
transom_curves1_012_line_010,2143.8027405787507,17759.16392038132,44739.197681207,12207.780530122629,17979.936910470085,42739.468473527704,12948.2078211611
transom_curves1_012_line_011,2144.732836208108,18509.638878929938,44739.219282447,13367.360889775951,18886.140268508094,42739.45095552829,14044.894860147742
transom_curves1_012_line_012,2161.7348413206623,19770.013657937743,44739.24135847128,13363.995367775835,20337.719460635002,42739.43539953186,13956.940367209952
transom_curves1_012_line_013,2224.2344103151677,20944.96755203328,44739.2635021721,12632.90965711348,21656.740894513412,42739.422145458106,13297.162597597036
transom_curves1_012_line_014,2237.6167230731944,22176.14633536159,44739.285290931824,11999.380995855967,22967.55772210096,42739.41150843287,12616.715160137703
transom_curves1_013_line_001,2032.5648542265321,12292.19109965487,42739.65436253244,1000.0000237487208,11931.207656969173,40739.40166831011,1000.0000237487207
transom_curves1_013_line_002,2001.3064258135535,12703.073654158032,42739.63697899957,2264.274391705181,12708.793380112893,40739.40166831027,2329.4924613582825
transom_curves1_013_line_003,2015.1945507241728,13361.52942554016,42739.618429963026,3466.3951399330685,13400.201858571207,40739.401668310275,3708.565382934229
transom_curves1_013_line_004,2042.159071392722,13969.445968574857,42739.59900994519,4695.725793090507,14085.408945584735,40739.401668310165,5090.91796830502
transom_curves1_013_line_005,2082.847828747049,14577.561450307576,42739.57901198047,5924.9580913719265,14772.999049935166,40739.40166831029,6472.086793083496
transom_curves1_013_line_006,2136.5700289449155,15187.965286322986,42739.55872896928,7153.054479332402,15462.59684158072,40739.40166831016,7852.254543790255
transom_curves1_013_line_007,2202.430301923153,15800.49000505882,42739.53845379681,8380.095000256017,16152.234342940375,40739.40166831017,9232.40245355016
transom_curves1_013_line_008,2279.2622267789843,16409.716077904257,42739.51847932898,9608.777203659323,16840.077021352645,40739.40166831017,10613.445556428365
transom_curves1_013_line_009,2366.082971373706,17017.929165035377,42739.499098503475,10837.961141051432,17525.55867224271,40739.40166831027,11995.661957571656
transom_curves1_013_line_010,2461.887676069859,17623.6005566986,42739.48060420494,12068.365430212294,18200.942720121526,40739.40166831018,13382.614723957158
transom_curves1_013_line_011,2562.8904340664153,18150.868249725703,42739.463289365034,13333.830095862308,18787.246016066136,40739.40166831018,14804.606838784268
transom_curves1_013_line_012,2354.2264991875654,19194.47647567007,42739.44744451019,14111.657671195479,20160.16852766075,40739.40166831021,14892.450962216602
transom_curves1_013_line_013,2267.928265865519,20534.58797371474,42739.43335750148,13881.438531429758,21548.658322996864,40739.401668310216,14220.60396016527
transom_curves1_013_line_014,2353.789455506496,21749.608396356816,42739.4212952294,13247.117253013506,22947.824707936372,40739.401668310165,13570.418913164072
transom_curves1_013_line_015,2447.168435690188,22967.55772210096,42739.41150843287,12616.715160137703,24345.420206364117,40739.401668310245,12916.863401030734
transom_curves1_014_line_001,2027.3908044769455,11931.207656969173,40739.40166831011,1000.0000237487207,12263.340405694162,38739.40134048462,1000.0000237487204
transom_curves1_014_line_002,2010.2605773730083,12611.762172931354,40739.401668310195,2162.8770745281836,12611.142875148973,38739.40134048485,2365.72158174699
transom_curves1_014_line_003,2017.4079196031525,13229.270401263995,40739.401668310325,3362.7938934759068,13284.587370707295,38739.40134048451,3621.3928796799523
transom_curves1_014_line_004,2028.019175701228,13828.141931164279,40739.40166831015,4572.691837647786,13925.031239012755,38739.401340484874,4894.363918710654
transom_curves1_014_line_005,2041.4800008985926,14428.883690228677,40739.40166831019,5781.661870712273,14563.433695536138,38739.401340484525,6168.360175386501
transom_curves1_014_line_006,2057.685900150614,15031.522536938231,40739.40166831026,6989.687511520854,15200.488146152076,38739.40134048456,7443.031283154186
transom_curves1_014_line_007,2076.4992518974786,15635.022979590658,40739.401668310085,8197.283304306015,15837.564467727898,38739.401340484605,8717.691583844215
transom_curves1_014_line_008,2097.8236167458585,16238.356528959335,40739.401668310195,9404.96213877949,16474.590634790828,38739.401340484634,9992.376866988036
transom_curves1_014_line_009,2121.4886471824916,16840.077021352645,40739.40166831017,10613.445556428365,17113.76992824136,38739.40134048457,11265.982882211709
transom_curves1_014_line_010,2147.4499950836157,17440.029158989775,40739.40166831025,11822.803280708305,17754.664741007775,38739.401340484495,12538.72549757944
transom_curves1_014_line_011,2176.221814738505,18038.428505553737,40739.40166831027,13032.939225815175,18366.91578746532,38739.40134048454,13825.426564050349
transom_curves1_014_line_012,2211.061371902396,18530.166298325043,40739.40166831019,14288.700976810987,19044.536414676393,38739.40134048462,15078.773418060031
transom_curves1_014_line_013,2217.618650406057,19433.371397685387,40739.40166831035,15135.445643043011,20147.81178191474,38739.401340484495,15773.729361077147
transom_curves1_014_line_014,2195.98370297587,20674.05274723446,40739.40166831016,14626.633812287708,21419.586419745,38739.40134048457,15142.892134822167
transom_curves1_014_line_015,2208.5446553852375,21898.544061327477,40739.40166831022,14058.260185002686,22706.78044971781,38739.40134048481,14531.99230763179
transom_curves1_014_line_016,2228.420983491251,23122.576919694726,40739.40166831015,13488.837453215914,23999.529930094992,38739.40134048457,13932.472647842746
transom_curves1_014_line_017,2251.6074250029683,24345.420206364117,40739.401668310245,12916.863401030734,25292.296102355016,38739.40134048449,13332.98925052436
transom_curves1_015_line_001,2015.6635831214132,12263.340405694162,38739.40134048462,1000.0000237487204,12012.544933207584,36739.401012659124,1000.0000237487282
transom_curves1_015_line_002,2000.0031782402161,12573.422541308582,38739.40134048479,2290.8646611282916,12572.229186078413,36739.40101265911,2294.0233905316477
transom_curves1_015_line_003,2001.6221163081475,13207.905273838858,38739.40134048469,3472.3117918656253,13210.35834434785,36739.401012659175,3552.833637577261
transom_curves1_015_line_004,2005.2806097589937,13812.067615999375,38739.40134048513,4669.693722402942,13855.74165008597,36739.40101265908,4808.407785560587
transom_curves1_015_line_005,2011.5039737013565,14413.466847287717,38739.40134048453,5868.473359570897,14494.30107989048,36739.401012659066,6067.502884400499
transom_curves1_015_line_006,2020.2004050833145,15013.112433742286,38739.40134048457,7068.13143455336,15130.333682565133,36739.4010126591,7327.876587003272
transom_curves1_015_line_007,2031.3460439913006,15612.71226596722,38739.4013404846,8267.812360836886,15762.517609043274,36739.40101265911,8590.1845034344
transom_curves1_015_line_008,2044.8641550275856,16212.300013826556,38739.401340484656,9467.499374007288,16395.765301652482,36739.40101265909,9851.958200641886
transom_curves1_015_line_009,2060.706749218652,16812.330677455036,38739.40134048459,10666.964672050475,17032.483517080425,36739.401012659124,11111.985707708578
transom_curves1_015_line_010,2078.8379895860253,17415.75196798825,38739.40134048457,11864.727761074571,17671.499271204797,36739.40101265856,12370.849675774385
transom_curves1_015_line_011,2099.2185848705676,18006.911683543927,38739.40134048564,13068.482106977488,18298.27928779084,36739.40101265911,13635.775924108595
transom_curves1_015_line_012,2121.945846962278,18606.957888963505,38739.40134048454,14267.281803280595,18957.401325850144,36739.40101265913,14883.595249249285
transom_curves1_015_line_013,2143.6938285434544,19275.307492530057,38739.40134048449,15427.937100468289,19727.054963401628,36739.401012659124,16053.513747886387
transom_curves1_015_line_014,2105.358451672904,20464.195459637842,38739.40134048458,15665.539625399873,21058.157987030325,36739.401012659095,15947.924849485698
transom_curves1_015_line_015,2152.2775106032955,21643.326486139224,38739.40134048459,15028.160561972669,22352.555185310768,36739.401012659095,15387.732284467735
transom_curves1_015_line_016,2206.918425289735,22858.86728608173,38739.40134048479,14461.457667316374,23679.413097346358,36739.40101265909,14905.520946812096
transom_curves1_015_line_017,2229.656086184694,24075.57484258569,38739.401340484554,13897.208589301537,24964.577791291107,36739.4010126591,14322.695026866366
transom_curves1_015_line_018,2259.1280648476218,25292.296102355016,38739.40134048449,13332.98925052436,26255.572471078518,36739.40101265912,13752.223003387164
transom_curves1_016_line_001,2001.7855846228806,12012.544933207584,36739.401012659124,1000.0000237487282,12097.068394453254,34739.400684833396,1000.0000237487227
transom_curves1_016_line_002,2002.442623557263,12540.70913487477,36739.40101265909,2222.2043568139666,12551.388420305668,34739.400684833396,2320.4952627956777
transom_curves1_016_line_003,2006.3246999995217,13136.253692880986,36739.40101265917,3414.5786423916147,13208.316346968557,34739.400684833425,3556.509838437262
transom_curves1_016_line_004,2012.731400216492,13749.150630870994,36739.40101265906,4598.642009802265,13845.182810213819,34739.40068483357,4803.249435488744
transom_curves1_016_line_005,2021.298341805348,14352.667748217798,36739.4010126591,5787.567787312269,14479.351973453593,34739.40068483343,6051.379808188249
transom_curves1_016_line_006,2032.0122107482505,14953.878027352697,36739.40101265913,6977.661748559221,15113.51794442788,34739.40068483357,7299.511729456954
transom_curves1_016_line_007,2044.8541611723429,15552.125005830645,36739.401012659095,8169.247161480187,15747.667349973606,34739.40068483393,8547.652262939117
transom_curves1_016_line_008,2059.807014361127,16148.725972083344,36739.40101265911,9361.658301039446,16381.803459062132,34739.40068483414,9795.79941885134
transom_curves1_016_line_009,2076.7854110557437,16749.30356888315,36739.40101265917,10552.071603939916,17015.955931158107,34739.400684833876,11043.93830332694
transom_curves1_016_line_010,2095.73656155604,17351.7864940864,36739.40101265895,11741.521605039265,17650.189666790433,34739.400684833425,12292.035883383338
transom_curves1_016_line_011,2116.6109717456616,17955.401332332105,36739.40101265912,12930.397268280934,18284.60260288014,34739.40068483363,13540.042425632008
transom_curves1_016_line_012,2139.145399095713,18540.100320183163,36739.40101265907,14128.656512470738,18898.103054516552,34739.40068483348,14797.817008450369
transom_curves1_016_line_013,2163.1078248322747,19175.849930112963,36739.40101265906,15300.385098416229,19472.727802829937,34739.40068483348,16069.08379051818
transom_curves1_016_line_014,2107.9262037465487,20084.645129291242,36739.401012659095,16197.133959734185,20748.68167385537,34739.400684833534,16246.195519251976
transom_curves1_016_line_015,2122.992837371113,21340.678640524755,36739.40101265908,15811.557674494215,22047.460988298044,34739.40068483347,15724.632481928584
transom_curves1_016_line_016,2143.9608174600417,22573.69816465499,36739.4010126591,15307.363720119623,23334.55853124667,34739.400684833454,15174.479642626466
transom_curves1_016_line_017,2175.1599122332887,23826.858597999715,36739.40101265915,14851.988453190494,24679.444460283557,34739.400684833374,14785.530346708123
transom_curves1_016_line_018,2222.439660965131,25035.617661902364,36739.401012659095,14289.456236306418,26003.673035073167,34739.40068483347,14335.342288689837
transom_curves1_016_line_019,2269.429122658747,26255.572471078518,36739.40101265912,13752.223003387164,27322.184655345147,34739.400684833476,13864.6760150985
transom_curves1_017_line_001,2252.678229033175,12097.068394453254,34739.400684833396,1000.0000237487227,13133.492898637094,32739.304824458868,1000.0000237487286
transom_curves1_017_line_002,2379.3103577330344,12551.388420305668,34739.400684833396,2320.4952627956777,13835.219757711853,32739.318376009276,2208.3987265497967
transom_curves1_017_line_003,2364.0655287268555,13208.316346968557,34739.400684833425,3556.509838437262,14464.863206314605,32739.330914804603,3458.444914029892
transom_curves1_017_line_004,2351.8561721056885,13845.182810213819,34739.40068483357,4803.249435488744,15079.459606401011,32739.34243364939,4716.32857185067
transom_curves1_017_line_005,2341.4673179993692,14479.351973453593,34739.40068483343,6051.379808188249,15694.38229323594,32739.352926352934,5974.05266505012
transom_curves1_017_line_006,2332.3890130706036,15113.51794442788,34739.40068483357,7299.511729456954,16311.495699649311,32739.362386503777,7230.703216167171
transom_curves1_017_line_007,2324.3649238161743,15747.667349973606,34739.40068483393,8547.652262939117,16930.380761220695,32739.370807689145,8486.482201213834
transom_curves1_017_line_008,2316.710755827229,16381.803459062132,34739.40068483414,9795.79941885134,17549.77831322541,32739.378183499142,9742.008524068442
transom_curves1_017_line_009,2307.8606758403444,17015.955931158107,34739.400684833876,11043.93830332694,18166.658471980805,32739.384507519244,10998.773581317337
transom_curves1_017_line_010,2298.4718964803587,17650.189666790433,34739.400684833425,12292.035883383338,18782.285874189078,32739.389773333438,12256.152879264202
transom_curves1_017_line_011,2286.017278245118,18284.60260288014,34739.40068483363,13540.042425632008,19391.53415195308,32739.393974522412,13516.575410220954
transom_curves1_017_line_012,2272.6969428031725,18898.103054516552,34739.40068483348,14797.817008450369,19977.466022888613,32739.397104655753,14787.203073732282
transom_curves1_017_line_013,2454.8735439432216,19472.727802829937,34739.40068483348,16069.08379051818,20878.840541035057,32739.399158446347,15847.171693824963
transom_curves1_017_line_014,2495.5979045127688,20748.68167385537,34739.400684833534,16246.195519251976,22200.35505013047,32739.400148968783,15898.846751925405
transom_curves1_017_line_015,2487.8052734855246,22047.460988298044,34739.40068483347,15724.632481928584,23464.74578715955,32739.400356850667,15299.805969376495
transom_curves1_017_line_016,2493.6598328653113,23334.55853124667,34739.400684833454,15174.479642626466,24783.619901119902,32739.400197294573,14830.15630877992
transom_curves1_017_line_017,2490.539755163288,24679.444460283557,34739.400684833374,14785.530346708123,26096.350508188087,32739.399595249226,14343.75985751424
transom_curves1_017_line_018,2490.7324445201775,26003.673035073167,34739.40068483347,14335.342288689837,27410.909571746295,32739.398338311777,13862.664751731068
transom_curves1_017_line_019,2490.962990041664,27322.184655345147,34739.400684833476,13864.6760150985,28736.29149334733,32739.39621394883,13411.707379413645
transom_curves2_001_line_001,2312.093440692602,15165.804283843667,66739.42518886058,4999.718002312189,16150.98912322878,64739.559642367414,5612.681872935146
transom_curves2_001_line_002,2658.670888008027,16208.36175010608,66739.42542607876,5151.552011297722,17914.489926401882,64739.54835764591,5549.23184225145
transom_curves2_001_line_003,3228.2418569532915,17233.33867594778,66739.4233849347,5060.094348027535,19624.53866912356,64739.529828296516,5899.221180954763
transom_curves2_001_line_004,4484.704684826298,17578.757927410737,66739.41895545235,4099.17719344131,21109.300578720227,64739.50487428411,6009.200325587229
transom_curves2_001_line_005,4622.081199527496,17600.77278270656,66739.41309654368,3044.7640520251216,21571.416547402954,64739.47531249985,4308.8334998234095
transom_curves2_001_line_006,4924.44813100718,17687.210290891937,66739.40700981283,1993.6907686490315,22141.023213422606,64739.445498332236,2637.0365533365366
transom_curves2_001_line_007,5729.354064146333,17430.607121367757,66739.40190641978,1000.000023748722,22799.552096800842,64739.41994572065,1000.0000237487235
transom_curves2_002_line_001,2444.7707772250715,16150.98912322878,64739.559642367414,5612.681872935146,17498.22078821057,62739.848041817575,6016.444809161932
transom_curves2_002_line_002,2512.8075084116185,17325.848980069637,64739.552975702005,5543.36656118184,18771.947041851778,62739.80449860706,6016.661393602596
transom_curves2_002_line_003,2602.8817190885584,18501.877599127525,64739.54293496691,5586.89942496016,20017.206856173416,62739.75731799971,6279.45120820622
transom_curves2_002_line_004,2697.6313580486467,19624.53866912356,64739.529828296516,5899.221180954763,21066.43507429733,62739.70737753022,6994.1457747444165
transom_curves2_002_line_005,2591.4128437663503,20680.469707903165,64739.513872679316,6362.601278418764,22149.280552444183,62739.65557693415,7109.9847320322
transom_curves2_002_line_006,2366.6574888331015,21297.11926629732,64739.49533211431,5453.331004224631,22486.041147250606,62739.60322540028,5886.879146814596
transom_curves2_002_line_007,2385.4885852561333,21571.416547402954,64739.47531249985,4308.8334998234095,22824.115132426457,62739.55245357109,4657.560619218518
transom_curves2_002_line_008,2369.041725355559,21951.171924286056,64739.45518499629,3194.3082229816027,23197.52253999877,62739.505533704796,3437.5575425844017
transom_curves2_002_line_009,2376.7744084367237,22349.72204701441,64739.4362851597,2086.8212123591634,23625.260484527393,62739.46473578293,2235.724149570442
transom_curves2_002_line_010,2159.3421300746427,22799.552096800842,64739.41994572065,1000.0000237487235,23613.682287842796,62739.432329071664,1000.0000237487252
transom_curves2_003_line_001,2102.5717709683577,17498.22078821057,62739.848041817575,6016.444809161932,17858.812333090988,60739.836822376266,6555.64506133422
transom_curves2_003_line_002,2064.324217101928,18771.947041851778,62739.80449860706,6016.661393602596,19110.37708941914,60739.808268320405,6399.955869242683
transom_curves2_003_line_003,2061.623718830502,20017.206856173416,62739.75731799971,6279.45120820622,20333.022675842163,60739.77326322398,6667.5446334716835
transom_curves2_003_line_004,2052.9381451842564,21066.43507429733,62739.70737753022,6994.1457747444165,21518.839176263562,60739.73240242109,7094.074026074748
transom_curves2_003_line_005,2082.4149147725316,22149.280552444183,62739.65557693415,7109.9847320322,22727.60104571634,60739.68623688011,7063.942108601935
transom_curves2_003_line_006,2107.8410024898126,22486.041147250606,62739.60322540028,5886.879146814596,23151.544121088747,60739.63558737997,5902.009594967654
transom_curves2_003_line_007,2079.470199105166,22824.115132426457,62739.55245357109,4657.560619218518,23393.579448981156,60739.583089621716,4662.968428508714
transom_curves2_003_line_008,2061.535100946146,23197.52253999877,62739.505533704796,3437.5575425844017,23697.554870383843,60739.532011577445,3436.8147154005205
transom_curves2_003_line_009,2046.1749999123183,23625.260484527393,62739.46473578293,2235.724149570442,24057.50495222206,60739.48562092339,2226.7580724359786
transom_curves2_003_line_010,2091.108646918282,23613.682287842796,62739.432329071664,1000.0000237487252,24224.251525150823,60739.44718420946,1000.0000237487219
transom_curves2_004_line_001,2145.1074324507663,17858.812333090988,60739.836822376266,6555.64506133422,18314.113691270424,58739.33199041646,7181.8774361767755
transom_curves2_004_line_002,2129.758134387437,19110.37708941914,60739.808268320405,6399.955869242683,19646.044370146774,58739.3427242402,6897.015103434366
transom_curves2_004_line_003,2141.84105885521,20333.022675842163,60739.77326322398,6667.5446334716835,20997.103588241807,58739.355408482814,7048.08118837439
transom_curves2_004_line_004,2178.100198401027,21518.839176263562,60739.73240242109,7094.074026074748,22271.657282157885,58739.368089717624,7513.511733219282
transom_curves2_004_line_005,2211.3839758430368,22727.60104571634,60739.68623688011,7063.942108601935,23471.831764326693,58739.378817241726,7642.828930901173
transom_curves2_004_line_006,2139.4050987489454,23151.544121088747,60739.63558737997,5902.009594967654,23781.755203208457,58739.38687285853,6324.967333496949
transom_curves2_004_line_007,2137.1145913441737,23393.579448981156,60739.583089621716,4662.968428508714,24070.59871008779,58739.392603923574,4991.817508710306
transom_curves2_004_line_008,2133.5482924838493,23697.554870383843,60739.532011577445,3436.8147154005205,24403.31247504997,58739.39643262414,3667.8822068869026
transom_curves2_004_line_009,2129.278454786104,24057.50495222206,60739.48562092339,2226.7580724359786,24776.54736875462,58739.39877792698,2355.044321566473
transom_curves2_004_line_010,2081.4074877453713,24224.251525150823,60739.44718420946,1000.0000237487219,24800.50548863644,58739.40005986223,1000.0000237487222
transom_curves3_001_line_001,2155.4569870157866,19090.231810564066,56739.40056562503,7731.568569488497,19432.58778925318,54739.40023779872,8458.74522988516
transom_curves3_001_line_002,2139.06562248358,20466.991401132644,56739.40056562423,7395.188259213109,21017.769925020082,54739.40023779855,7916.957790340237
transom_curves3_001_line_003,2196.422142215986,21869.69928189816,56739.40056562439,7538.518344005341,22666.94669922641,54739.40023779878,7972.874731177834
transom_curves3_001_line_004,2318.030233580261,23146.728907865785,56739.40056562417,8136.776069877352,24163.647140366218,54739.40023779894,8719.133486675071
transom_curves3_001_line_005,2456.6715459984293,24303.200073364675,56739.400565624186,8945.344886185567,25451.43985214726,54739.4002377988,9791.973012364928
transom_curves3_001_line_006,3772.7738594012367,25293.9196594558,56739.40056562362,8087.380347463152,26612.495116916365,54739.400237799106,11002.029562354339
transom_curves3_001_line_007,5300.219304618291,26503.22519583113,56739.40056562446,7497.017166480367,27733.80103754857,54739.400237798756,12248.649145445794
transom_curves3_001_line_008,6411.032280507663,27891.239719465873,56739.400565623226,7211.3355298154365,29120.00094233245,54739.40023779859,13177.195019242929
transom_curves3_001_line_009,6488.513653073491,29305.94339004845,56739.40056562429,7102.616293162795,30753.393267878833,54739.400237798465,13103.09102154775
transom_curves3_001_line_010,6343.950790825023,30725.06294901118,56739.40056562446,7110.570684114454,32402.933049453928,54739.4002377987,12892.478868368724
transom_curves3_001_line_011,6843.663845392466,32128.737358108046,56739.40056562419,6906.826069201437,34054.39751651696,54739.400237798,13162.029221117742
transom_curves3_001_line_012,7847.24876588718,33400.18132994659,56739.40056562432,6309.666366574679,35676.622404663445,54739.400237798676,13548.252410530857
transom_curves3_001_line_013,8773.998540413584,34353.8011050906,56739.40056562416,5261.461857588715,37326.43242791587,54739.400237798895,13270.613628808725
transom_curves3_001_line_014,9495.92101569038,35374.8505594781,56739.400565624215,4283.630916029353,38948.78320235341,54739.40023779874,12850.982904194572
transom_curves3_001_line_015,9251.972793540954,36618.391015319576,56739.400565624244,3605.935161745187,40281.66469967685,54739.400237798625,11863.018495139306
transom_curves3_001_line_016,8245.406634499584,38004.63765034855,56739.400565624994,3358.9341459995567,41391.6273402878,54739.400237798705,10605.659620114728
transom_curves3_001_line_017,6765.145635176208,39397.29022986787,56739.40056562396,3598.582880851305,42442.74604243213,54739.400237798465,9298.792793438748
transom_curves3_001_line_018,5249.279139021055,40774.638347984364,56739.40056562419,3928.8327936479004,43464.39142487936,54739.400237798785,7968.654392851731
transom_curves3_001_line_019,3972.591447412196,42189.169974836084,56739.40056562411,4019.080022594828,44443.86634466763,54739.400237798676,6607.09582173886
transom_curves3_001_line_020,3074.6446564676407,43585.12261360719,56739.40056562421,3780.535757271988,45410.83430242142,54739.400237798545,5236.631661245818
transom_curves3_001_line_021,2632.88961389615,44821.11598715551,56739.40056562415,3105.9940647540793,46361.146197993425,54739.40023779886,3854.6016771702643
transom_curves3_001_line_022,2555.821804182103,45797.151631451976,56739.40056562459,2076.889032397982,47334.163382907675,54739.400237798654,2488.9796284031313
transom_curves3_001_line_023,2354.44059865514,46719.44088026847,56739.400565624135,1000.0000237487253,47961.77305054082,54739.40023779867,1000.000033215775
transom_curves3_002_line_001,2165.403916809715,19432.58778925318,54739.40023779872,8458.74522988516,19867.281269191135,52739.39990997281,9165.862186357383
transom_curves3_002_line_002,2147.315370554457,20768.671256198875,54739.40023779865,7984.235422234039,21284.954899611792,52739.399909973195,8571.102689051499
transom_curves3_002_line_003,2167.3597486546046,22167.45064819632,54739.400237798596,7844.801693537343,22796.765126339975,52739.39990997331,8393.810123696378
transom_curves3_002_line_004,2209.883691893972,23496.589927110417,54739.40023779878,8327.777447569753,24247.601111828342,52739.39990997316,8893.07986294132
transom_curves3_002_line_005,2263.307918416375,24675.44254869268,54739.40023779893,9111.600493025817,25538.922085077476,52739.39990997329,9725.574851210498
transom_curves3_002_line_006,2319.574146547601,25727.583376166654,54739.4002377988,10063.166219681934,26661.47619614243,52739.399909973254,10776.0947650688
transom_curves3_002_line_007,2382.134189094907,26700.281664712253,54739.400237798814,11096.579239694807,27718.119914327817,52739.39990997231,11895.683288719863
transom_curves3_002_line_008,2455.595057875824,27641.65083175812,54739.40023779882,12158.346515897922,28795.577609638487,52739.39990997321,12994.049075575856
transom_curves3_002_line_009,2528.5054260959614,28770.93548300902,54739.4002377987,13010.723227808316,29944.49324407555,52739.39990997255,14018.74136253235
transom_curves3_002_line_010,2846.7473055447545,30131.98606861979,54739.40023779862,13274.174980628779,31068.390956839146,52739.39990997305,15070.592191535765
transom_curves3_002_line_011,3719.9418544604623,31501.61337589563,54739.4002377986,12909.634815088719,32340.44372192728,52739.39990997327,15931.940183485784
transom_curves3_002_line_012,4128.1312646491715,32916.770697037624,54739.40023779861,12939.756901180972,33783.62760230259,52739.39990997201,16445.470171353234
transom_curves3_002_line_013,3961.668099569795,34299.234391319405,54739.40023779861,13243.484964125355,35319.381635099264,52739.39990997336,16507.54875346162
transom_curves3_002_line_014,3636.8258954070193,35676.622404663445,54739.400237798676,13548.252410530857,36849.48665370278,52739.399909973574,16350.196509817628
transom_curves3_002_line_015,3645.989125069617,37075.619963966885,54739.40023779885,13331.26043372008,38367.14457825556,52739.399909973195,16092.636822318647
transom_curves3_002_line_016,3372.451602672868,38457.31351413191,54739.400237798705,13007.408158181339,39710.880344114325,52739.399909973195,15416.141996494838
transom_curves3_002_line_017,2749.8665733634766,39727.49277239713,54739.40023779876,12402.319598891778,40525.300003204706,52739.39990997324,14112.661226307402
transom_curves3_002_line_018,2557.500143616283,40708.6492828183,54739.40023779863,11379.45765304507,41373.71375991353,52739.39990997317,12828.07593078473
transom_curves3_002_line_019,2419.656799679712,41638.96728195936,54739.40023779841,10307.94066951018,42217.85596415979,52739.39990997331,11540.671625784107
transom_curves3_002_line_020,2320.8580531137372,42521.63369727111,54739.400237798356,9196.699821694896,43052.99443496324,52739.39990997296,10247.431261140997
transom_curves3_002_line_021,2236.391562967575,43388.4949422046,54739.4002377989,8072.988693215146,43876.443394721464,52739.39990997324,8946.688996120089
transom_curves3_002_line_022,2177.983517190582,44218.08682826839,54739.40023779863,6921.4835839743155,44692.723771347075,52739.39990997332,7641.435431056754
transom_curves3_002_line_023,2127.092867844567,45039.639451536146,54739.40023779874,5764.239756040846,45494.90403108054,52739.39990997312,6327.495399372455
transom_curves3_002_line_024,2086.1137258344106,45852.879773275985,54739.40023779882,4601.14759492642,46285.76469752581,52739.3999099734,5006.708697807541
transom_curves3_002_line_025,2058.845820229785,46651.58415785592,54739.40023779882,3428.0040060419096,47069.36784848199,52739.399909973654,3681.5815839618376
transom_curves3_002_line_026,2034.6430612338117,47489.175936758336,54739.40023779897,2282.6905173248415,47855.35753349651,52739.39990997321,2358.0703125888194
transom_curves3_002_line_027,2092.4931711941704,47961.77305054082,54739.40023779867,1000.000033215775,48577.018010042695,52739.399909973254,1000.000023748717
transom_curves3_003_line_001,2234.649999766081,19867.281269191135,52739.39990997281,9165.862186357383,20649.443287016984,50739.37270840866,9783.741132696068
transom_curves3_003_line_002,2212.1203081321664,21180.995226692827,52739.39990997317,8606.937764135937,21908.3048603373,50739.37460105635,9210.5897484372
transom_curves3_003_line_003,2155.7177948471976,22578.73539882056,52739.399909973145,8366.119081454399,23237.40260443073,50739.37763174643,8827.841519582953
transom_curves3_003_line_004,2110.62872826039,23947.278460019672,52739.39990997309,8756.674042284703,24587.616992156145,50739.38190437135,8967.97517831622
transom_curves3_003_line_005,2093.3873462216056,25187.23028125401,52739.39990997317,9461.466582758529,25754.170193112262,50739.38744910894,9708.042887481177
transom_curves3_003_line_006,2074.8600832230413,26280.848953927805,52739.3999099732,10379.370325753507,26757.22276994645,50739.394163381425,10658.815071569252
transom_curves3_003_line_007,2065.4251847378146,27264.28352544824,52739.39990997301,11416.789836744816,27725.497323355397,50739.40193014129,11647.595181220033
transom_curves3_003_line_008,2058.855511549906,28247.449590319906,52739.39990997311,12454.530655586928,28705.880482526638,50739.41063420759,12624.147964057745
transom_curves3_003_line_009,2051.503357593491,29287.96962063237,52739.39990997328,13433.203369053828,29727.57100791676,50739.420160913534,13557.692926310305
transom_curves3_003_line_010,2042.9958700405587,30348.790997048538,52739.39990997153,14391.307094680407,30755.31245871963,50739.4303974043,14484.55072719854
transom_curves3_003_line_011,2050.125402909722,31410.335601691844,52739.39990997335,15347.01332047956,31859.96543653869,50739.44123091488,15315.194122971307
transom_curves3_003_line_012,2054.7324797589063,32635.264416163922,52739.399909973225,16079.84200095656,33087.543946876656,50739.45254821512,15947.254898751036
transom_curves3_003_line_013,2080.644126093416,34001.30672066905,52739.39990997315,16476.507176447813,34452.61193815771,50739.46423510418,16122.020397426473
transom_curves3_003_line_014,2103.0105521739506,35429.277452310715,52739.39990997323,16503.722965399767,35829.3862178713,50739.476167118715,15991.013124414296
transom_curves3_003_line_015,2135.859352171685,36849.48665370278,52739.399909973574,16350.196509817628,37176.37341978249,50739.48821323693,15675.368072600315
transom_curves3_003_line_016,2164.6575632096296,38259.129220698764,52739.39990997308,16113.225311128232,38515.33851381293,50739.50024346858,15325.506777641944
transom_curves3_003_line_017,2133.640402216655,39560.0634344303,52739.39990997204,15575.48851469936,39825.542048164774,50739.5121266391,14880.944545107415
transom_curves3_003_line_018,2120.8369822142213,40354.45682784354,52739.399909973225,14394.791435561847,41043.99883760894,50739.52373323331,14243.211095133502
transom_curves3_003_line_019,2110.374367025407,41130.81562942202,52739.399909973195,13194.77743894397,41797.24818554322,50739.53493454382,13094.339910148597
transom_curves3_003_line_020,2074.9901913162903,41917.47845999807,52739.39990997313,12001.181595797596,42457.05736930762,50739.54560343703,11878.618765721998
transom_curves3_003_line_021,2054.628563808858,42698.37262288771,52739.39990997319,10803.798716566698,43153.89689755335,50739.55561298193,10682.88983268657
transom_curves3_003_line_022,2037.7163519903218,43465.125023434644,52739.39990997305,9597.316890511403,43838.17647534329,50739.56483684539,9479.927684508079
transom_curves3_003_line_023,2024.583265408027,44226.45345272852,52739.39990997326,8387.404567312307,44522.060877696225,50739.573148548705,8276.74033115462
transom_curves3_003_line_024,2014.812358364041,44982.151126473545,52739.3999099732,7173.973282982648,45206.0135856413,50739.58042172841,7073.591744699127
transom_curves3_003_line_025,2008.421410345977,45722.82654401773,52739.399909973086,5951.302847796669,45890.08602703075,50739.586530009656,5870.511312363937
transom_curves3_003_line_026,2004.2179375203398,46453.45124332531,52739.39990997318,4722.617712500716,46574.37881991792,50739.591346889436,4667.556171343105
transom_curves3_003_line_027,2001.575600141309,47183.366460687794,52739.39990997251,3493.5086201472636,47263.350599407335,50739.59474603276,3467.303145256821
transom_curves3_003_line_028,2000.6215073836083,47906.37618637737,52739.399909973115,2260.6595025796937,47962.21683959693,50739.596600990364,2273.1079014933134
transom_curves3_003_line_029,2001.348656217779,48577.018010042695,52739.399909973254,1000.000023748717,48498.38019157456,50739.59678535041,1000.0000237487246
transom_curves3_004_line_001,2182.0911924914617,20649.443287016984,50739.37270840866,9783.741132696068,21072.57153893022,48739.3992543221,10547.01738526178
transom_curves3_004_line_002,2152.943040381641,21956.80574490895,50739.37469236734,9194.006270207834,22313.15908089305,48739.399254322074,9906.939845147603
transom_curves3_004_line_003,2128.6477775624503,23338.608930445997,50739.37790435951,8811.597663922987,23638.66462082052,48739.39925432202,9475.82152903899
transom_curves3_004_line_004,2061.965689041921,24726.051283150402,50739.3824590383,9034.925277566821,25019.54210643367,48739.39925432207,9441.90540028489
transom_curves3_004_line_005,2043.030524855388,25915.664144675364,50739.388372868765,9834.365158760045,26260.26462754772,48739.39925432232,10069.456116456931
transom_curves3_004_line_006,2042.3476859899363,26933.71503735327,50739.39552569564,10844.649456799625,27330.68936654413,48739.39925432212,10961.312934049034
transom_curves3_004_line_007,2037.0520968599283,27941.824661740495,50739.403787429204,11866.19988894307,28320.198912384578,48739.39925432221,11946.175130877315
transom_curves3_004_line_008,2028.916049507451,28970.76423632021,50739.41302966329,12866.177010054342,29304.80417168649,48739.39925432213,12935.90903981853
transom_curves3_004_line_009,2028.180162314291,30030.746100841847,50739.423125037705,13833.801816612444,30367.444777984772,48739.39925432226,13841.101692217395
transom_curves3_004_line_010,2026.5595056317745,31106.71493741162,50739.43394783045,14783.39606031926,31431.21988978865,48739.39925432217,14744.650860454847
transom_curves3_004_line_011,2026.5982430625386,32298.01873532725,50739.44537227361,15581.280742493394,32606.56706951204,48739.39925432191,15473.050015237724
transom_curves3_004_line_012,2085.687106575797,33634.63546407169,50739.457271580686,16080.763005069482,33990.48622931515,48739.39925432207,15608.291982665272
transom_curves3_004_line_013,2103.563622951461,35066.3992659209,50739.46951573843,16083.897543943842,35382.22977408649,48739.39925432163,15513.853725178396
transom_curves3_004_line_014,2107.0516006800253,36481.28199966303,50739.481960943995,15853.690016512084,36752.58641168957,48739.39925432205,15248.934255386128
transom_curves3_004_line_015,2109.2290877404516,37871.78290614468,50739.494461521645,15498.234845862948,38095.23059825362,48739.39925432205,14866.936472984618
transom_curves3_004_line_016,2096.9549081917144,39247.07288025098,50739.50687173859,15090.026254240503,39439.46534358531,48739.39925432212,14490.214162169928
transom_curves3_004_line_017,2098.608665618349,40579.83107030853,50739.51904625425,14560.839632572037,40717.881654210556,48739.39925432236,13940.661282728179
transom_curves3_004_line_018,2070.3053635424703,41566.32537447526,50739.530841205175,13551.846955867126,41805.90012255651,48739.39925432205,13074.100293349293
transom_curves3_004_line_019,2061.061896949073,42224.54123633435,50739.54211416765,12277.057727949228,42542.730295845126,48739.399254322096,11894.74842166463
transom_curves3_004_line_020,2050.49729499172,42947.931881319826,50739.55272340919,11037.473584507381,43204.66255406786,48739.39925432205,10665.970396718394
transom_curves3_004_line_021,2042.2141075026811,43660.868204880106,50739.56252796431,9791.862362394173,43894.703258062786,48739.39925432203,9452.29424322129
transom_curves3_004_line_022,2034.7274663409664,44370.08370157375,50739.571386804855,8544.113696379934,44584.99586799303,48739.39925432238,8238.761336887157
transom_curves3_004_line_023,2027.972173531345,45079.345820912444,50739.57915894167,7296.395997004443,45275.59973364141,48739.39925432255,7025.405429799867
transom_curves3_004_line_024,2021.9500876749107,45788.73031219609,50739.585703494675,6048.743375832596,45966.38678720169,48739.39925432238,5812.154063976194
transom_curves3_004_line_025,2016.6623365341047,46498.32581329578,50739.59087938149,4801.206213629769,46657.184792007334,48739.39925432215,4598.908740782519
transom_curves3_004_line_026,2012.0575762273172,47210.90108450273,50739.59454564904,3555.385533565353,47347.9522992489,48739.39925432218,3385.6461711763477
transom_curves3_004_line_027,2008.283271923647,47938.284312776945,50739.596561305,2318.435446425677,48058.54750146633,48739.39925432208,2184.4608261691124
transom_curves3_004_line_028,2021.1950151921922,48498.38019157456,50739.59678535041,1000.0000237487246,48788.964303845525,48739.399254321674,1000.0000237487175
transom_curves3_005_line_001,2192.686947156636,21072.57153893022,48739.3992543221,10547.01738526178,21607.21427935365,46738.94706642781,11268.28310071799
transom_curves3_005_line_002,2197.362265352832,22313.15908089305,48739.399254322074,9906.939845147603,22804.49219831579,46738.960955518734,10671.949195156463
transom_curves3_005_line_003,2141.3282295623712,23638.66462082052,48739.39925432202,9475.82152903899,24028.491874330175,46738.97604522864,10132.805762991664
transom_curves3_005_line_004,2052.934805504906,25019.54210643367,48739.39925432207,9441.90540028489,25306.661599048504,46738.99218818244,9803.11902454721
transom_curves3_005_line_005,2040.1848143534203,26260.26462754772,48739.39925432232,10069.456116456931,26490.948059177797,46739.00923832842,10397.448517285968
transom_curves3_005_line_006,2026.7758077709636,27330.68936654413,48739.39925432212,10961.312934049034,27606.194171346287,46739.02707231787,11135.75034677959
transom_curves3_005_line_007,2029.911452295586,28320.198912384578,48739.39925432221,11946.175130877315,28665.3069089888,46739.04557967739,11951.288952887297
transom_curves3_005_line_008,2032.149552892675,29304.80417168649,48739.39925432213,12935.90903981853,29653.264162050353,46739.06464848103,12853.030181766373
transom_curves3_005_line_009,2020.9092022660489,30367.444777984772,48739.39925432226,13841.101692217395,30641.769412738395,46739.08416563948,13754.156050815041
transom_curves3_005_line_010,2027.048787648812,31431.21988978865,48739.39925432217,14744.650860454847,31704.117447580407,46739.104017707396,14562.2428649172
transom_curves3_005_line_011,2053.740101242524,32606.56706951204,48739.39925432191,15473.050015237724,32914.43731936095,46739.12409102886,15123.817164803226
transom_curves3_005_line_012,2049.8903459000057,33990.48622931515,48739.39925432207,15608.291982665272,34237.08008867554,46739.1442768985,15233.82980295677
transom_curves3_005_line_013,2071.2697724597515,35382.22977408649,48739.39925432163,15513.853725178396,35554.487282232454,46739.16447014729,15004.396534266494
transom_curves3_005_line_014,2086.504240243568,36752.58641168957,48739.39925432205,15248.934255386128,36847.17898644103,46739.1845621186,14662.680577828598
transom_curves3_005_line_015,2094.0520788097338,38095.23059825362,48739.39925432205,14866.936472984618,38118.55975877286,46739.20444344889,14247.476565005965
transom_curves3_005_line_016,2110.9690560567333,39439.46534358531,48739.39925432212,14490.214162169928,39385.1716156599,46739.22400456036,13817.502101197693
transom_curves3_005_line_017,2070.1181921254124,40717.881654210556,48739.39925432236,13940.661282728179,40658.92789582996,46739.24313606214,13410.294158626757
transom_curves3_005_line_018,2034.2968982885604,41805.90012255651,48739.39925432205,13074.100293349293,41785.71162493432,46739.26172711121,12703.416914718531
transom_curves3_005_line_019,2013.2032337549272,42542.730295845126,48739.399254322096,11894.74842166463,42673.135516992945,46739.279663091984,11706.325069937264
transom_curves3_005_line_020,2007.614208852428,43204.66255406786,48739.39925432205,10665.970396718394,43322.264811124754,46739.296821135125,10538.397760620288
transom_curves3_005_line_021,2003.1330220870966,43894.703258062786,48739.39925432203,9452.29424322129,43957.07357764951,46739.31308301819,9361.150648988985
transom_curves3_005_line_022,2000.757186245958,44584.99586799303,48739.39925432238,8238.761336887157,44601.574492313855,46739.32832644727,8189.0546874399
transom_curves3_005_line_023,2000.4607054711505,45275.59973364141,48739.39925432255,7025.405429799867,45237.589640341364,46739.342430086566,7012.330003667626
transom_curves3_005_line_024,2003.4116923760919,45966.38678720169,48739.39925432238,5812.154063976194,45850.85246300369,46739.3552726001,5823.7428627853005
transom_curves3_005_line_025,2010.98362242405,46657.184792007334,48739.39925432215,4598.908740782519,46449.576869919576,46739.36673289714,4627.614029258656
transom_curves3_005_line_026,2023.4468293845068,47347.9522992489,48739.39925432218,3385.6461711763477,47044.08760303887,46739.376690051366,3429.3847142588756
transom_curves3_005_line_027,2039.9842970461839,48058.54750146633,48739.39925432208,2184.4608261691124,47660.96059791398,46739.38502313154,2242.801732521049
transom_curves3_005_line_028,2128.9197094452347,48788.964303845525,48739.399254321674,1000.0000237487175,48059.396925656016,46739.39161184976,1000.0000237487228
transom_curves3_006_line_001,2203.822822508281,21607.21427935365,46738.94706642781,11268.28310071799,22176.14633536159,44739.285290931824,11999.380995855967
transom_curves3_006_line_002,2206.1216995691507,22851.0141621203,46738.96151463815,10649.984584214708,23411.826545654567,44739.30617798757,11394.189501149127
transom_curves3_006_line_003,2207.175116346757,24122.410832242575,46738.97725148374,10090.77979116146,24673.547773207945,44739.32588624477,10845.275970092525
transom_curves3_006_line_004,2120.242905267577,25458.250469590486,46738.994112000706,9832.126965512283,25948.697163708308,44739.34400243516,10338.37933032739
transom_curves3_006_line_005,2091.3730675682013,26660.600557148267,46739.01193378073,10513.920355173994,27251.46196629639,44739.36011231167,10675.526963407076
transom_curves3_006_line_006,2086.1436839378043,27816.0611053656,46739.03058245294,11284.487885427408,28387.186291438342,44739.373843606925,11449.36486579362
transom_curves3_006_line_007,2075.1013398261553,28893.29715475369,46739.04993442931,12159.382974633034,29403.0847751912,44739.3848694156,12377.332006199262
transom_curves3_006_line_008,2079.5097965611603,29919.30821935692,46739.06986372974,13095.745830120346,30469.59270157854,44739.39286630925,13246.874545483475
transom_curves3_006_line_009,2089.266091738836,30950.989526732363,46739.09024366447,14025.730313182672,31552.07275158547,44739.397510767805,14096.162783607426
transom_curves3_006_line_010,2083.825337707725,32108.554314851666,46739.110946778674,14787.511928208405,32691.149415367698,44739.3985480255,14851.24033004192
transom_curves3_006_line_011,2157.761771722693,33415.81721868698,46739.13184745471,15236.361612697716,34051.76027157985,44739.397075949506,14733.795059275995
transom_curves3_006_line_012,2200.5901393103395,34796.580968787246,46739.15282563217,15149.571008379213,35399.47195559752,44739.39366207638,14456.690999266899
transom_curves3_006_line_013,2213.964298288296,36155.09557896268,46739.173762665436,14861.991626905048,36729.766857628674,44739.3884387216,14105.519886712173
transom_curves3_006_line_014,2227.2342964637287,37485.485446537845,46739.1945360013,14463.15254375693,38026.225764437506,44739.381537968664,13645.276946345086
transom_curves3_006_line_015,2230.7663555334875,38800.39014065887,46739.21502316035,14015.380724182078,39319.05697996268,44739.37308961855,13173.991703791067
transom_curves3_006_line_016,2247.285912803484,40123.32582208052,46739.23510134811,13592.564512363539,40605.87997757264,44739.36322226856,12688.15977544034
transom_curves3_006_line_017,2266.0592273884376,41383.10482641063,46739.25464792307,13023.263860085208,41826.02508446466,44739.35206517233,12054.122112689842
transom_curves3_006_line_018,2273.885672726416,42390.88404814638,46739.2735355665,12073.143517530727,42735.66040591283,44739.339748951556,11047.497299328867
transom_curves3_006_line_019,2303.5083644453784,43137.36166386374,46739.29163137199,10906.095036630926,43240.17919880837,44739.32640707594,9767.798747792129
transom_curves3_006_line_020,2327.7902003756044,43783.14833388095,46739.30879996305,9676.492201959587,43741.186992243696,44739.312201985056,8486.172887301062
transom_curves3_006_line_021,2376.189490253485,44453.688832631,46739.32490546046,8460.00193113802,44223.96621234255,44739.297303081155,7197.704976756914
transom_curves3_006_line_022,2461.1679889717752,45115.33298756479,46739.33981204721,7238.652403218814,44638.55794549155,44739.28187980823,5885.950774298615
transom_curves3_006_line_023,2587.284123753385,45758.62587335915,46739.35338376677,6007.705101869295,44991.62550534,44739.26610151278,4556.705296269495
transom_curves3_006_line_024,2985.058276918128,46380.768585485064,46739.3654849744,4765.766362967783,44786.20415378307,44739.25013254822,3227.105982397261
transom_curves3_006_line_025,3907.5664697066118,46998.381390941635,46739.37598023419,3521.5687509222057,43931.752228167206,44739.23410173362,2156.1773202090103
transom_curves3_006_line_026,5343.11521563331,47636.06317527227,46739.384734130246,2287.822395283326,42751.42234899892,44739.21810329486,1458.0648073527
transom_curves3_006_line_027,6901.213833877019,48059.396925656016,46739.39161184976,1000.0000237487228,41454.399211315016,44739.202227204965,1000.0000237487224
transom_curves4_001_line_001,2447.168435690188,22967.55772210096,42739.41150843287,12616.715160137703,24345.420206364117,40739.401668310245,12916.863401030734
transom_curves4_001_line_002,2522.118632100844,24196.480492463772,42739.404170317845,11970.413613234427,25684.033815164916,40739.40166831018,12355.455816731785
transom_curves4_001_line_003,2593.0913146966304,25434.95010391463,42739.39967479624,11345.78467239321,27023.099139426624,40739.40166831008,11795.132178682958
transom_curves4_001_line_004,2618.597067595062,26781.838241287904,42739.39827983184,11029.413797764344,28412.726941513356,40739.401668310195,11473.560399458347
transom_curves4_001_line_005,2669.098207721921,28124.49960642371,42739.40104977953,11320.136095201578,29627.392670403922,40739.401668310165,12250.4049567823
transom_curves4_001_line_006,2710.968430018777,29276.177771827835,42739.40823999279,12084.261605934413,30748.513835266214,40739.4016683102,13171.252892966522
transom_curves4_001_line_007,2764.443861982484,30294.995805154333,42739.4190910145,13027.438332963024,32075.573436112918,40739.40166831021,13714.186813166541
transom_curves4_001_line_008,2982.1381971805085,31321.304342869946,42739.432845798954,13961.607161290947,33522.288030779266,40739.401668310216,13740.939262145837
transom_curves4_001_line_009,3128.6349623436226,32608.254407070468,42739.44874913374,14025.423933584467,34915.88662767945,40739.401668310275,13344.981477166833
transom_curves4_001_line_010,3397.372595771225,33568.752155696784,42739.46622389262,13039.899127232242,36313.71877293517,40739.40166831016,12955.990854416666
transom_curves4_001_line_011,3993.585925500868,34179.95192340622,42739.48495807244,11793.78425098774,37597.078290447265,40739.40166831018,12314.977852296548
transom_curves4_001_line_012,4214.83896127831,34832.16006336206,42739.50466527883,10567.935953447492,38491.892137599265,40739.40166831022,11176.88309058362
transom_curves4_001_line_013,4225.078618539303,35487.53083793176,42739.5250586121,9343.734021469878,39168.25964055235,40739.40166831026,9894.216753228686
transom_curves4_001_line_014,4200.102221508267,36142.35213933364,42739.54585123538,8119.240407274944,39805.519652383315,40739.40166831021,8589.863069252398
transom_curves4_001_line_015,4156.502550802506,36839.52103355826,42739.566756353954,6918.358039223292,40463.52579087186,40739.40166831024,7295.773717709483
transom_curves4_001_line_016,4119.875716434886,37560.606072399154,42739.58748723955,5731.910901992068,41151.055580866596,40739.40166831019,6017.051105698327
transom_curves4_001_line_017,4101.531692052472,38300.3779062258,42739.6077569909,4556.785842237585,41875.40952233511,40739.401668310704,4758.9906085917655
transom_curves4_001_line_018,4090.8414854865055,39040.1600131232,42739.627278456835,3381.667279027262,42606.523628969844,40739.401668310195,3504.67999160675
transom_curves4_001_line_019,4040.1618587497037,39824.135134264165,42739.64576457396,2236.3012799980943,43334.374912329615,40739.40166831021,2248.470944944255
transom_curves4_001_line_020,4233.17083031643,40342.11960217277,42739.66292933424,1000.0000237487213,44072.895683136114,40739.40166831016,1000.0000237487205
transom_curves4_002_line_001,2251.6074250029683,24345.420206364117,40739.401668310245,12916.863401030734,25292.296102355016,38739.40134048449,13332.98925052436
transom_curves4_002_line_002,2261.3652495342117,25616.82789599715,40739.40166831017,12382.895523027222,26584.80875641815,38739.40134048457,12803.353052817118
transom_curves4_002_line_003,2290.593096411784,26890.56920878089,40739.40166831018,11854.411898494454,27901.119510722423,38739.4013404846,12329.389276137601
transom_curves4_002_line_004,2277.16233610039,28197.977596016593,40739.4016683105,11445.609950726262,29210.523229295333,38739.40134048455,11845.882775407654
transom_curves4_002_line_005,2255.4138891306707,29395.164659155613,40739.40166831027,12076.156923055274,30341.399543795837,38739.401340484554,12513.79837798211
transom_curves4_002_line_006,2263.815448302255,30469.361567100404,40739.4016683104,12939.407840761181,31500.932773935212,38739.4013404845,13185.821959467126
transom_curves4_002_line_007,2444.5466843143704,31649.845112388626,40739.401668310136,13623.475246930791,32873.351062459726,38739.40134048471,12931.492320384788
transom_curves4_002_line_008,2540.128768083625,33015.79989634521,40739.401668310216,13776.699684684248,34268.88078098066,38739.401340484605,12837.529229599166
transom_curves4_002_line_009,2572.094106659757,34367.05609301062,40739.40166831019,13534.777894291192,35626.32147876341,38739.40134048457,12519.929397984406
transom_curves4_002_line_010,2606.0803046099086,35679.38602743758,40739.40166831013,13112.307153087933,36924.24255328106,38739.40134048459,11997.86313348071
transom_curves4_002_line_011,2652.6687901931687,37000.006871907186,40739.401668310216,12722.252315069136,38225.09328978707,38739.40134048465,11482.972819600605
transom_curves4_002_line_012,2635.5499572279628,38035.20092184191,40739.40166831023,11831.674506140196,39539.819876901645,38739.401340484554,11005.693836985974
transom_curves4_002_line_013,2844.4647302195267,38789.62623030086,40739.40166831015,10678.554123555068,40792.54515460783,38739.40134048462,10396.962090973146
transom_curves4_002_line_014,3137.758311388001,39383.49947694374,40739.40166831055,9433.92458758355,41801.25145117235,38739.40134048457,9432.78419550178
transom_curves4_002_line_015,3240.9365980878138,40001.07565966599,40739.401668310245,8200.68133536181,42550.715674834784,38739.40134048454,8255.494787836169
transom_curves4_002_line_016,3254.68691596737,40635.40824878124,40739.40166831029,6976.0930517538345,43202.75043505337,38739.40134048458,7017.802861795342
transom_curves4_002_line_017,3266.7991243221045,41288.916202417975,40739.4016683102,5761.5001936771305,43871.785455713434,38739.40134048453,5789.097797736898
transom_curves4_002_line_018,3250.1297329853687,41985.467613510256,40739.40166831053,4571.071960992097,44547.359810336544,38739.40134048459,4563.976767389545
transom_curves4_002_line_019,3262.5461121585686,42679.2911044971,40739.40166831018,3379.048895247182,45256.84676591556,38739.40134048464,3358.7354773080006
transom_curves4_002_line_020,3302.1188192003,43370.79064095935,40739.401668310325,2185.673926068058,45998.300721868036,38739.40134048459,2172.3262844426613
transom_curves4_002_line_021,3349.439033047028,44072.895683136114,40739.40166831016,1000.0000237487205,46759.66707735573,38739.401340484634,1000.000023748722
transom_curves4_003_line_001,2259.1280648476218,25292.296102355016,38739.40134048449,13332.98925052436,26255.572471078518,36739.40101265912,13752.223003387164
transom_curves4_003_line_002,2253.824322797453,26584.80875641815,38739.40134048457,12803.353052817118,27534.632197127896,36739.40101265904,13224.729604382896
transom_curves4_003_line_003,2246.2209164467886,27901.119510722423,38739.4013404846,12329.389276137601,28833.423471150236,36739.401012659095,12749.289763814799
transom_curves4_003_line_004,2399.058640417549,29210.523229295333,38739.40134048455,11845.882775407654,30199.605094465755,36739.40101265908,12727.471178717911
transom_curves4_003_line_005,2374.6439991657094,30341.399543795837,38739.401340484554,12513.79837798211,31570.791791690906,36739.40101265908,12870.908322239085
transom_curves4_003_line_006,2510.1258285674044,31500.932773935212,38739.4013404845,13185.821959467126,32944.10834710275,36739.401012659044,12718.944428468047
transom_curves4_003_line_007,2513.649964169578,32873.351062459726,38739.40134048471,12931.492320384788,34267.29090610186,36739.4010126591,12318.820676374604
transom_curves4_003_line_008,2586.21721410457,34268.88078098066,38739.401340484605,12837.529229599166,35560.62486552362,36739.40101266111,11827.620626167653
transom_curves4_003_line_009,2632.683760350561,35626.32147876341,38739.40134048457,12519.929397984406,36847.88670460751,36739.40101266042,11320.429139657912
transom_curves4_003_line_010,2620.628639634784,36924.24255328106,38739.40134048459,11997.86313348071,38135.68750291669,36739.40101265907,10814.607332914238
transom_curves4_003_line_011,2607.28022039313,38225.09328978707,38739.40134048465,11482.972819600605,39428.11106503925,36739.40101265886,10320.79509275445
transom_curves4_003_line_012,2603.4788449546527,39539.819876901645,38739.401340484554,11005.693836985974,40721.95052090069,36739.40101265908,9830.675571024625
transom_curves4_003_line_013,2575.079195929562,40792.54515460783,38739.40134048462,10396.962090973146,42009.74318507657,36739.40101265927,9324.833130152314
transom_curves4_003_line_014,2571.5669604153723,41801.25145117235,38739.40134048457,9432.78419550178,43308.96918909458,36739.40101265911,8849.909815079483
transom_curves4_003_line_015,2763.9225793512996,42550.715674834784,38739.40134048454,8255.494787836169,44452.58013300156,36739.401012659095,8106.5709948813455
transom_curves4_003_line_016,2792.2971580991366,43202.75043505337,38739.40134048458,7017.802861795342,45148.52454993968,36739.40101265915,6913.470691947785
transom_curves4_003_line_017,2833.591498345176,43871.785455713434,38739.40134048453,5789.097797736898,45878.439144153526,36739.40101265912,5738.299738107955
transom_curves4_003_line_018,2879.1320935110934,44547.359810336544,38739.40134048459,4563.976767389545,46618.439852917625,36739.40101265717,4569.245334378613
transom_curves4_003_line_019,2901.474122132298,45256.84676591556,38739.40134048464,3358.7354773080006,47358.47243299844,36739.4010126591,3400.212284797992
transom_curves4_003_line_020,2938.0771207266694,45998.300721868036,38739.40134048459,2172.3262844426613,48148.593035950515,36739.401012659095,2264.732020375273
transom_curves4_003_line_021,2752.274875284051,46759.66707735573,38739.401340484634,1000.000023748722,48650.43826335832,36739.40101265912,1000.0000237487226
transom_curves4_004_line_001,2269.429122658747,26255.572471078518,36739.40101265912,13752.223003387164,27322.184655345147,34739.400684833476,13864.6760150985
transom_curves4_004_line_002,2298.005380928595,27534.632197127896,36739.40101265904,13224.729604382896,28640.818201402686,34739.40068483343,13463.852885183458
transom_curves4_004_line_003,2330.2694305351215,28833.423471150236,36739.401012659095,12749.289763814799,29973.750726553102,34739.400684832675,13109.57861760584
transom_curves4_004_line_004,2291.013247325305,30199.605094465755,36739.40101265908,12727.471178717911,31315.33075679496,34739.400684833505,12789.894207623018
transom_curves4_004_line_005,2320.2075798745063,31570.791791690906,36739.40101265908,12870.908322239085,32612.34603518434,34739.400684833556,12324.532389143811
transom_curves4_004_line_006,2394.759090291156,32944.10834710275,36739.401012659044,12718.944428468047,33887.77653587831,34739.40068483358,11800.053717489196
transom_curves4_004_line_007,2418.0236798444125,34267.29090610186,36739.4010126591,12318.820676374604,35176.58431554839,34739.400684833556,11308.858944167327
transom_curves4_004_line_008,2411.902780515513,35560.62486552362,36739.40101266111,11827.620626167653,36471.38433773533,34739.400684833476,10833.743926005878
transom_curves4_004_line_009,2402.278383249768,36847.88670460751,36739.40101266042,11320.429139657912,37765.41369207435,34739.40068483348,10356.538924648288
transom_curves4_004_line_010,2396.0656902190035,38135.68750291669,36739.40101265907,10814.607332914238,39055.38790328807,34739.400684833505,9868.414617819151
transom_curves4_004_line_011,2390.5674300506353,39428.11106503925,36739.40101265886,10320.79509275445,40348.86534097951,34739.40068483347,9389.654453723508
transom_curves4_004_line_012,2386.85989056504,40721.95052090069,36739.40101265908,9830.675571024625,41641.05636274981,34739.400684833505,8907.451179359976
transom_curves4_004_line_013,2380.7128173961432,42009.74318507657,36739.40101265927,9324.833130152314,42931.34179364117,34739.40068483326,8420.1518535129
transom_curves4_004_line_014,2376.6137212281433,43308.96918909458,36739.40101265911,8849.909815079483,44229.861553607334,34739.40068483348,7955.343595278297
transom_curves4_004_line_015,2362.090689860297,44452.58013300156,36739.401012659095,8106.5709948813455,45491.95261564953,34739.40068483351,7400.047139561188
transom_curves4_004_line_016,2506.303372528711,45148.52454993968,36739.40101265915,6913.470691947785,46634.05232932565,34739.400684833454,6640.0433697605695
transom_curves4_004_line_017,2545.075137609577,45878.439144153526,36739.40101265912,5738.299738107955,47437.629325277216,34739.400684833505,5523.050757010882
transom_curves4_004_line_018,2581.3258933635148,46618.439852917625,36739.40101265717,4569.245334378613,48241.91478149169,34739.40068483289,4403.19951918536
transom_curves4_004_line_019,2634.7198977096696,47358.47243299844,36739.4010126591,3400.212284797992,49070.74106052054,34739.40068483727,3300.795106687817
transom_curves4_004_line_020,2669.431161608327,48148.593035950515,36739.401012659095,2264.732020375273,49915.78950692598,34739.40068483336,2211.0845764996943
transom_curves4_004_line_021,2770.5880772059363,48650.43826335832,36739.40101265912,1000.0000237487226,50567.768955297804,34739.400684833505,1000.000023748721
transom_curves4_005_line_001,2490.962990047889,27322.184655345147,34739.400684833476,13864.6760150985,28736.291493357217,32739.39621394883,13411.70737941028
transom_curves4_005_line_002,2494.500314727736,28640.818201402686,34739.40068483343,13463.852885183458,30059.58832045794,32739.393052490617,13006.03999761562
transom_curves4_005_line_003,2499.578742297376,29973.750726553102,34739.400684832675,13109.57861760584,31374.600389349936,32739.388629423654,12575.288537775126
transom_curves4_005_line_004,2520.2212150670957,31315.33075679496,34739.400684833505,12789.894207623018,32620.997340307887,32739.382736676736,11985.731318263694
transom_curves4_005_line_005,2591.882343196699,32612.34603518434,34739.400684833556,12324.532389143811,33252.0165265648,32739.37517172617,10805.133267664723
transom_curves4_005_line_006,2196.7106239090717,33887.77653587831,34739.40068483358,11800.053717489196,34564.76974002042,32739.365916794643,11194.183522335297
transom_curves4_005_line_007,2182.045876582101,35176.58431554839,34739.400684833556,11308.858944167327,35875.68795083079,32739.355161940097,10786.943030443947
transom_curves4_005_line_008,2190.402299701054,36471.38433773533,34739.400684833476,10833.743926005878,37154.440109508665,32739.343104166568,10258.359948822259
transom_curves4_005_line_009,2194.9711736935524,37765.41369207435,34739.40068483348,10356.538924648288,38446.35679281705,32739.329942843036,9761.61710295207
transom_curves4_005_line_010,2197.3970580295327,39055.38790328807,34739.400684833505,9868.414617819151,39739.613226236565,32739.315877623605,9268.372700915828
transom_curves4_005_line_011,2200.0819209717206,40348.86534097951,34739.40068483347,9389.654453723508,41035.82258742262,32739.30110815211,8782.981655664316
transom_curves4_005_line_012,2201.5153666501315,41641.05636274981,34739.400684833505,8907.451179359976,42333.741017825334,32739.285834105398,8302.142611672016
transom_curves4_005_line_013,2203.3590971182025,42931.34179364117,34739.40068483326,8420.1518535129,43628.81234487192,32739.270255154937,7813.683053578199
transom_curves4_005_line_014,2208.798330461858,44229.861553607334,34739.40068483348,7955.343595278297,44924.14607126264,32739.254570981328,7325.919575687889
transom_curves4_005_line_015,2200.2823318164383,45491.95261564953,34739.40068483351,7400.047139561188,46222.22270341489,32739.238981203085,6845.699687191303
transom_curves4_005_line_016,2204.36486938863,46634.05232932565,34739.400684833454,6640.0433697605695,47522.72904226266,32739.22368546811,6377.802738873461
transom_curves4_005_line_017,2273.2483855875166,47437.629325277216,34739.400684833505,5523.050757010882,48514.1111268385,32739.208881257022,5433.173605358864
transom_curves4_005_line_018,2284.4832279083444,48241.91478149169,34739.40068483289,4403.19951918536,49342.84990039352,32739.194763516407,4325.857713584526
transom_curves4_005_line_019,2313.761575771193,49070.74106052054,34739.40068483727,3300.795106687817,50233.24483888582,32739.1815263631,3266.140916832408
transom_curves4_005_line_020,2342.0996558404904,49915.78950692598,34739.40068483336,2211.0845764996943,51134.184551943574,32739.169362611694,2215.4400062254144
transom_curves4_005_line_021,2302.1366756756724,50567.768955297804,34739.400684833505,1000.000023748721,51707.44624899258,32739.15846456927,1000.0000237487244
transom_curves5_001_line_001,2078.0960073429646,38191.44985754026,32739.332616640957,9859.355025830126,38178.24210904882,30739.70514528091,9293.847689983117
transom_curves5_001_line_002,2012.2177998608845,39404.62103791774,32739.31959598207,9395.978827361449,39473.25883399693,30739.701847528944,9181.880282066008
transom_curves5_001_line_003,2014.0974664170983,40619.366965076304,32739.305909852028,8936.771200181667,40751.56354833571,30739.68023050545,8735.252441501349
transom_curves5_001_line_004,2023.6533438860185,41837.59567209522,32739.291723176237,8486.858601159985,42007.45174529009,30739.643436307593,8226.611604168313
transom_curves5_001_line_005,2033.2874224245963,43053.51709172485,32739.277200825883,8030.755462626732,43269.127654090524,30739.59461200336,7732.360805257568
transom_curves5_001_line_006,2043.422109730347,44268.66088077812,32739.262507770472,7572.576195779911,44534.12959933177,30739.536905039116,7246.696169105949
transom_curves5_001_line_007,2054.9319946763944,45484.16317846258,32739.247808917225,7115.348941856577,45800.042628680916,30739.473463073016,6763.399739019247
transom_curves5_001_line_008,2072.427628699726,46711.86753827524,32739.233269156313,6693.266500486929,47066.24927094373,30739.407433914443,6280.875311871064
transom_curves5_001_line_009,2083.5447363605535,47879.81324057858,32739.219053006178,6144.821683766274,48314.36104265428,30739.34196553512,5753.901600967721
transom_curves5_001_line_010,2131.296327957484,48709.108101977356,32739.205322771686,5152.359603431557,49428.9051240332,30739.280210713954,4995.465273497471
transom_curves5_001_line_011,2168.084929102112,49507.7916044473,32739.192239137283,4129.5368868109845,50332.553966942694,30739.22537470073,3986.3871527331494
transom_curves5_001_line_012,2194.5431806907764,50343.21047571874,32739.179962111848,3135.264152807436,51231.81316737278,30739.180718573876,2972.758601674156
transom_curves5_001_line_013,2227.234361892955,51189.206524858804,32739.168651061205,2150.0351695696313,52154.64839762921,30739.14950799817,1981.457826846203
transom_curves5_001_line_014,2427.898002283012,51707.44624899258,32739.15846456927,1000.0000237487244,53083.88908904251,30739.135010315516,1000.0000237487227
transom_curves6_001_line_001,3039.604434176029,38105.0746001297,30739.457323775812,1000.0000237487247,40393.935824837055,28739.379972698178,1000.0000237487224
transom_curves6_001_line_002,2812.371538307133,37992.71414228884,30739.503273503742,2336.3684171155815,39965.41897359051,28739.36283417724,2204.810289241038
transom_curves6_001_line_003,2738.666507694998,38066.474509793945,30739.55410288121,3702.3960197998294,39925.893245976185,28739.343153588292,3497.4268459383075
transom_curves6_001_line_004,2625.9014092619977,38077.751475819176,30739.60470319376,5071.582412206593,39753.652976317244,28739.322725855858,4779.034325681243
transom_curves6_001_line_005,2491.477698306959,38126.22617999922,30739.6499640874,6439.934870945264,39561.60162796151,28739.303343890486,6058.134080460498
transom_curves6_001_line_006,2415.3664783013355,38089.24908388306,30739.684774437497,7805.365695429882,39358.6684726995,28739.286801153088,7335.283161954827
transom_curves6_001_line_007,2455.704657196266,38066.46213281646,30739.704021367863,9155.593567619153,39387.0552583378,28739.274890593446,8621.924706854063
transom_curves6_001_line_008,2366.4251807703663,39311.119107271734,30739.70333383873,9234.315739389212,40487.17159245755,28739.26930456068,8770.492084560445
transom_curves6_001_line_009,2331.1905038692744,40606.98600308522,30739.683556105327,8794.39452826849,41659.29828302799,28739.27020608728,8223.925896456438
transom_curves6_001_line_010,2292.5299141957917,41875.21629420532,30739.647911003944,8278.377024381489,42863.318848363466,28739.276641177126,7751.251296684428
transom_curves6_001_line_011,2256.720076993605,43150.1241888259,30739.599645456063,7778.966757631038,44067.551795359286,28739.287629562048,7279.102844404175
transom_curves6_001_line_012,2223.4217730304895,44428.01162302957,30739.54200707678,7287.255271075445,45271.782363917046,28739.30219075596,6806.94704210878
transom_curves6_001_line_013,2192.359448896663,45707.16192807313,30739.47824337405,6798.818336436644,46476.79476871265,28739.319344291376,6336.790607619417
transom_curves6_001_line_014,2162.414395823185,46986.63025959256,30739.4116020916,6311.212068403198,47687.153198033644,28739.338109734297,5881.084578987705
transom_curves6_001_line_015,2131.8524970875583,48250.184501065945,30739.345331299442,5784.268241233725,48899.334253921115,28739.357506922566,5432.916038948355
transom_curves6_001_line_016,2105.769284490289,49387.49130760289,30739.282683168127,5034.341060707856,49933.75537997936,28739.376553990023,4665.240373619262
transom_curves6_001_line_017,2091.5048327577133,50304.26761432077,30739.22696083378,4018.2432317458006,50861.34869619962,28739.394263250517,3763.837423363976
transom_curves6_001_line_018,2087.2007399147647,51212.97246291854,30739.181528008456,2994.010927338492,51798.13017157594,28739.40964390612,2871.9052507572687
transom_curves6_001_line_019,2087.1229643133315,52144.37754357969,30739.1497541479,1991.2654615848767,52742.00315781634,28739.421705070694,1987.574512356245
transom_curves6_001_line_020,2051.5299738434096,53083.88908904251,30739.135010315516,1000.0000237487195,53542.09529983108,28739.429456496975,1000.0000194035158
transom_curves6_002_line_001,2220.0145797312566,40393.935824837055,28739.379972698178,1000.0000237487224,41357.424025010674,26739.34116748825,1000.0000237487222
transom_curves6_002_line_002,2166.046197016665,39961.16645140438,28739.36179089152,2276.54248386983,40791.83662505786,26739.33281364568,2236.2029202899153
transom_curves6_002_line_003,2103.8697950143805,39915.28913338503,28739.340887965445,3640.755600669829,40566.83016842951,26739.325489271952,3599.5148560605326
transom_curves6_002_line_004,2071.66130896839,39722.84836088645,28739.319374435145,4992.402891044884,40261.15123699513,26739.3195505514,4947.555403771471
transom_curves6_002_line_005,2038.813349649042,39511.62527822169,28739.29935922448,6341.196784408721,39903.211078139495,26739.31534664135,6282.168101365925
transom_curves6_002_line_006,2010.376874392036,39338.143369582016,28739.282951465815,7693.8871527070305,39525.16979951662,26739.31321208458,7611.68415303205
transom_curves6_002_line_007,2009.0749967705915,39662.28477447498,28739.272260924918,8927.332438182262,39472.510965593436,26739.31347109998,8904.243845472554
transom_curves6_002_line_008,2008.2922461156977,40942.27851664802,28739.26893513177,8556.299268558383,40765.29762726313,26739.316298574726,8510.41940228253
transom_curves6_002_line_009,2006.9492984271806,42194.23798898142,28739.272441230987,8013.398664955083,42034.208906421954,26739.321407647225,7964.0829224404515
transom_curves6_002_line_010,2005.9179600140615,43465.45630398679,28739.281627497683,7515.231307062832,43321.18140770352,26739.328343133588,7459.747282599093
transom_curves6_002_line_011,2005.1680113072161,44736.508599005414,28739.29534078511,7016.640636397498,44607.04358585643,26739.33664923378,6952.587564430817
transom_curves6_002_line_012,2004.6988750902563,46008.09641438534,28739.312428002504,6519.4178404203885,45892.56373898142,26739.34587021318,6444.560987517854
transom_curves6_002_line_013,2004.4035647242545,47280.579376830996,28739.331736009655,6024.4987484317735,47178.869504666065,26739.35555031498,5938.568492772492
transom_curves6_002_line_014,2005.1641748160966,48570.367439116584,28739.352111872508,5577.205303631284,48477.854687500985,26739.365234102876,5466.854737236239
transom_curves6_002_line_015,2004.1069820960035,49722.52254733323,28739.372402084828,4860.131975392906,49654.893052291816,26739.374469494873,4751.139697123752
transom_curves6_002_line_016,2000.6107361364245,50705.19913764477,28739.391446644386,3912.472496491814,50715.17107135955,26739.382832141797,3864.4160713464753
transom_curves6_002_line_017,2001.1618300614032,51694.04527319696,28739.408080737026,2971.010841861209,51760.85887917138,26739.389914008465,2960.4304398308273
transom_curves6_002_line_018,2004.0167394193875,52688.9402607022,28739.421138941045,2036.0329986199872,52812.37870976875,26739.395307163966,2063.2857670951703
transom_curves6_002_line_019,2001.5487261496266,53542.09529983108,28739.429456496975,1000.0000194035158,53620.030436597335,26739.398602332865,1000.0000237487221
transom_curves6_003_line_001,2012.9704160802073,41357.424025010674,26739.34116748825,1000.0000237487222,41586.091591351644,24739.40090835104,1000.0000237487217
transom_curves6_003_line_002,2018.5479755313293,40791.83662505786,26739.33281364568,2236.2029202899153,41045.25161952494,24739.40090835098,2339.1064881833154
transom_curves6_003_line_003,2005.6727655050377,40566.83016842951,26739.325489271952,3599.5148560605326,40647.4516367542,24739.400908350974,3728.0648142940668
transom_curves6_003_line_004,2006.9773080678976,40261.15123699513,26739.3195505514,4947.555403771471,40181.919602580696,24739.400908356245,5095.89854587034
transom_curves6_003_line_005,2026.2628511039238,39903.211078139495,26739.31534664135,6282.168101365925,39608.6740406029,24739.400908351072,6421.205200016072
transom_curves6_003_line_006,2075.6554431227078,39525.16979951662,26739.31321208458,7611.68415303205,38980.75516945788,24739.40090835089,7722.630115182708
transom_curves6_003_line_007,2232.950604852558,39472.510965593436,26739.31347109998,8904.243845472554,38485.31414789546,24739.400908349748,9013.150173076536
transom_curves6_003_line_008,2227.7599500557526,40765.29762726313,26739.316298574726,8510.41940228253,39807.57827140216,24739.400908351006,8724.957190161438
transom_curves6_003_line_009,2199.555374747408,42034.208906421954,26739.321407647225,7964.0829224404515,41142.88123989961,24739.400908351065,8173.598635376349
transom_curves6_003_line_010,2174.04106236421,43321.18140770352,26739.328343133588,7459.747282599093,42490.91849808309,24739.40090835099,7653.1595297765225
transom_curves6_003_line_011,2149.547222158991,44607.04358585643,26739.33664923378,6952.587564430817,43841.737874056766,24739.400908350988,7139.984096196586
transom_curves6_003_line_012,2127.2256782140084,45892.56373898142,26739.34587021318,6444.560987517854,45188.29831736679,24739.40090835109,6615.790224196224
transom_curves6_003_line_013,2106.6173404714923,47178.869504666065,26739.35555031498,5938.568492772492,46535.204526629284,24739.400908351017,6092.56019810395
transom_curves6_003_line_014,2089.7085445806542,48477.854687500985,26739.365234102876,5466.854737236239,47880.303440182935,24739.40090835096,5566.639524863019
transom_curves6_003_line_015,2072.930742000754,49654.893052291816,26739.374469494873,4751.139697123752,49113.80872633687,24739.400908338703,4817.286261766128
transom_curves6_003_line_016,2050.452598481944,50715.17107135955,26739.382832141797,3864.4160713464753,50271.91241693611,24739.400908348354,3953.578442330847
transom_curves6_003_line_017,2032.9716189955352,51760.85887917138,26739.389914008465,2960.4304398308273,51411.47449102889,24739.400908350828,3065.0637529399974
transom_curves6_003_line_018,2020.6179467216177,52812.37870976875,26739.395307163966,2063.2857670951703,52544.07455187068,24739.400908351003,2167.8427859168
transom_curves6_003_line_019,2050.4169341812185,53620.030436597335,26739.398602332865,1000.0000237487221,53168.124663183946,24739.400908351006,1000.0000237487184
transom_curves6_004_line_001,2002.1086208394338,41586.091591351644,24739.40090835104,1000.0000237487217,41677.948100847185,22739.400580525347,1000.0000237487225
transom_curves6_004_line_002,2006.8926119881394,41069.38436265934,24739.400908351,2266.9854215762116,40903.20348742091,22739.40058052539,2267.734724604236
transom_curves6_004_line_003,2029.453846039211,40690.557771152075,24739.40090835097,3582.1983009510914,40354.00484407284,22739.400580525347,3655.7763491390388
transom_curves6_004_line_004,2096.5045532824215,40259.60624088686,24739.40090835102,4881.372947210377,39636.520009025684,22739.40058053855,4965.596330833778
transom_curves6_004_line_005,2207.845149898846,39740.24280615309,24739.40090835102,6146.9144510712085,38807.012529134176,22739.40058052536,6207.413580687299
transom_curves6_004_line_006,2368.0528458878784,39148.18364343522,24739.40090835114,7381.222175493671,37880.246962641926,22739.4005805254,7378.132982479398
transom_curves6_004_line_007,2520.91563583656,38506.43634271135,24739.40090835107,8589.549899299116,36972.18455817656,22739.40058052541,8556.59852065852
transom_curves6_004_line_008,2530.5604418011626,39320.01596700142,24739.400908350974,8938.708722689073,37787.86748425216,22739.400580525366,9175.89191162854
transom_curves6_004_line_009,2445.934277096038,40575.520759621686,24739.400908351035,8393.334979407902,39197.05321642924,22739.400580525413,8680.424528043332
transom_curves6_004_line_010,2372.2314153749358,41852.23190667521,24739.400908351025,7899.3131091515625,40614.85135998784,22739.400580525384,8209.74822228919
transom_curves6_004_line_011,2306.428664517736,43130.72371691435,24739.400908350977,7409.926917164152,42020.31265199166,22739.40058052539,7704.204235528786
transom_curves6_004_line_012,2246.8890377336106,44409.96247027442,24739.40090835097,6922.499247051255,43418.23126420351,22739.400580525376,7177.4075668255055
transom_curves6_004_line_013,2192.1266014577554,45683.59241742395,24739.400908350985,6420.5847926304805,44816.05397428111,22739.400580525387,6650.355929167537
transom_curves6_004_line_014,2144.0977355013165,46964.64468637239,24739.40090835111,5938.258689612146,46215.44610265455,22739.400580525395,6127.613568699242
transom_curves6_004_line_015,2108.1273624434893,48217.671309952646,24739.40090835097,5391.389345235467,47555.98320745023,22739.400580525402,5471.192352618098
transom_curves6_004_line_016,2074.6091090366376,49361.91997823319,24739.400908351,4641.260692844269,48810.98098171316,22739.400580525446,4662.890905718165
transom_curves6_004_line_017,2047.6204500210902,50451.893788298396,24739.400908344633,3813.3522829366107,50014.31784706883,22739.400580525373,3777.6382559376357
transom_curves6_004_line_018,2024.7800639592563,51531.27155174643,24739.400908351,2971.334883409551,51223.52907778682,22739.400580525456,2900.4295533857044
transom_curves6_004_line_019,2008.574259137793,52602.08598416755,24739.400908350988,2118.6594823221853,52438.54476157441,22739.400580525373,2031.3467588444055
transom_curves6_004_line_020,2023.4403586158094,53168.124663183946,24739.400908351006,1000.0000237487184,53475.22330136515,22739.400580525402,1000.0000237487238
transom_curves6_005_line_001,2104.4894739573824,41677.948100847185,22739.400580525347,1000.0000237487225,41023.06289358149,20739.400252699877,1000.0000237487228
transom_curves6_005_line_002,2134.448734188241,40930.25750155574,22739.400580525384,2198.1121031218213,40191.003694723535,20739.40025269987,2294.930988984645
transom_curves6_005_line_003,2291.210170611444,40419.89579498977,22739.400580525376,3521.7045838534364,39302.45550521392,20739.400252699914,3552.8483375936653
transom_curves6_005_line_004,2461.6513784402487,39751.046581744224,22739.400580531714,4772.9921798014575,38316.36399318324,20739.400252699957,4735.414690135576
transom_curves6_005_line_005,2641.133240761075,38981.331652291396,22739.400580525362,5964.763024713722,37259.799100115444,20739.40025269983,5855.633945411189
transom_curves6_005_line_006,2789.8034909438397,38125.4055671022,22739.400580525416,7096.396374531086,36185.27894194409,20739.400252699885,6958.879520535656
transom_curves6_005_line_007,2841.7500453241046,37200.066557872764,22739.400580525402,8172.028953328727,35181.92627354319,20739.400252699885,8120.533307264956
transom_curves6_005_line_008,2774.518208356703,37276.442896389366,22739.40058052539,9276.078537716405,35353.99108341111,20739.400252699892,9322.219668796919
transom_curves6_005_line_009,2674.441852423466,38633.945324639026,22739.400580525424,8880.30715493439,36866.31003747922,20739.40025269985,9047.947848918036
transom_curves6_005_line_010,2585.0131995145653,39976.76233728502,22739.40058052543,8421.313668306051,38356.65850734121,20739.400252699812,8661.22096407538
transom_curves6_005_line_011,2505.6859718511478,41321.3016994049,22739.400580525387,7967.4671690473215,39834.412512479175,20739.40025269986,8227.508365846521
transom_curves6_005_line_012,2428.580118590748,42649.39638134952,22739.400580525373,7467.199594362003,41307.85460431169,20739.400252699903,7780.673264028911
transom_curves6_005_line_013,2361.0625029446383,43977.36164323115,22739.400580525373,6966.5889790123165,42757.41309336032,20739.400252699856,7260.4262931456615
transom_curves6_005_line_014,2298.376471293056,45305.9554954996,22739.400580525376,6467.668412187177,44206.23971988159,20739.40025269993,6738.146332447779
transom_curves6_005_line_015,2241.6788097157023,46627.45825936622,22739.400580525395,5951.397861137181,45640.94382466579,20739.400252699903,6179.239571001774
transom_curves6_005_line_016,2190.364656363031,47877.96235180402,22739.400580525395,5281.972495527533,47004.442842453034,20739.40025269989,5468.1436085537625
transom_curves6_005_line_017,2155.572838450317,49051.63172802251,22739.400580525486,4485.8174844746845,48251.46034357486,20739.40025269989,4564.676257438659
transom_curves6_005_line_018,2108.623652284042,50195.264690560245,22739.400580525376,3645.4594721114286,49529.96575097641,20739.400252699892,3706.0376584351247
transom_curves6_005_line_019,2076.539460232712,51344.513959086486,22739.400580525435,2812.796407812343,50785.93629154274,20739.400252699357,2815.20637057893
transom_curves6_005_line_020,2052.6072028842445,52499.605887019694,22739.400580525395,1988.3273621740063,52042.248598949605,20739.400252699874,1924.9291833415896
transom_curves6_005_line_021,2011.4594995072002,53475.22330136515,22739.400580525402,1000.0000237487238,53260.82179284511,20739.400252699907,1000.0000237487186
transom_curves6_006_line_001,2359.4497604200346,41023.06289358149,20739.400252699877,1000.0000237487228,39771.26344453073,18739.399924874313,1000.0000237487221
transom_curves6_006_line_002,2544.312586595983,40271.777131772884,20739.400252699896,2180.572063044835,38702.43998540238,18739.399924874313,2077.1015453599107
transom_curves6_006_line_003,2712.982360885153,39464.04365270865,20739.400252699892,3324.159996269021,37638.41962181509,18739.399924874302,3158.724579881046
transom_curves6_006_line_004,2905.1872078703345,38592.90615364154,20739.400252697706,4419.278275019207,36501.31288463737,18739.39992487274,4163.64377318127
transom_curves6_006_line_005,3048.841848834568,37648.6336748439,20739.40025269984,5452.590745842563,35364.946979247106,18739.399924874317,5169.376367222787
transom_curves6_006_line_006,3066.6287876846586,36676.43194563935,20739.400252699903,6460.087927417602,34357.31282380377,18739.399924874288,6299.161519111592
transom_curves6_006_line_007,2981.011703664423,35694.24479657011,20739.400252699903,7457.753778454828,33485.24106475286,18739.399924874306,7539.802415855118
transom_curves6_006_line_008,3197.5914318232685,34948.56277657838,20739.400252699874,8628.273707997503,32453.739009719506,18739.39992487431,8649.345629678173
transom_curves6_006_line_009,3061.123887740602,35771.809583090835,20739.400252699874,9284.172139044438,33463.157041982326,18739.399924874277,9082.67377868668
transom_curves6_006_line_010,2958.243348293384,37139.000924829816,20739.400252699903,8984.31910211918,34963.17847590267,18739.39992487408,8853.93863132952
transom_curves6_006_line_011,2845.6143021338094,38490.88896892005,20739.40025269978,8621.415464929049,36466.84886778282,18739.399924874302,8649.363885186025
transom_curves6_006_line_012,2742.550138560187,39834.412512479175,20739.40025269986,8227.508365846521,37970.273521483,18739.399924874266,8443.29940704562
transom_curves6_006_line_013,2656.8847539990597,41176.070360887396,20739.400252699903,7827.951574527727,39450.31344303856,18739.39992487429,8112.202071848281
transom_curves6_006_line_014,2575.033240473737,42493.89103225698,20739.40025269987,7355.112191075439,40904.55700490796,18739.39992487429,7678.859357476634
transom_curves6_006_line_015,2499.275611558784,43811.15917608423,20739.40025270003,6880.736276236993,42351.91024619023,18739.399924874295,7222.744802201927
transom_curves6_006_line_016,2427.7823450512656,45123.646972122595,20739.40025269992,6393.7893423886235,43797.257095063054,18739.39992487428,6760.9619144496755
transom_curves6_006_line_017,2376.022988774731,46401.79037372886,20739.40025269991,5823.601592766705,45142.09103556293,18739.3999248743,6065.761683012346
transom_curves6_006_line_018,2317.847897464026,47574.4311746249,20739.400252699852,5061.917412313906,46416.96392379927,18739.39992487431,5242.71323013688
transom_curves6_006_line_019,2250.690977849926,48715.753809936876,20739.400252699874,4251.538823629792,47699.2103214884,18739.399924874302,4431.115833755421
transom_curves6_006_line_020,2207.1529206845876,49878.91530823601,20739.400252699896,3472.2546385991145,48950.81326353418,18739.399924874295,3572.9983659684926
transom_curves6_006_line_021,2155.2992871380716,51012.072328278984,20739.400252699572,2650.061823044178,50212.771841810936,18739.399924874353,2730.2643053551387
transom_curves6_006_line_022,2111.886291352931,52159.87967649773,20739.40025269988,1849.0002414558517,51483.595331781005,18739.39992487429,1900.979866243267
transom_curves6_006_line_023,2079.1132138525177,53260.82179284511,20739.400252699907,1000.0000237487186,52692.74570224314,18739.399924874302,1000.0000237487197
transom_curves6_007_line_001,3385.5036713647396,39771.26344453073,18739.399924874313,1000.0000237487221,37039.66431626869,16739.39959704879,1000.0000237487222
transom_curves6_007_line_002,3503.191992271171,38790.6161415985,18739.399924874295,1986.4530164207254,35914.63970251964,16739.399597048785,1953.101175781623
transom_curves6_007_line_003,3699.111021409035,37820.678513533276,18739.399924874295,2983.5867432833243,34713.542796372574,16739.399597048814,2812.9155021440583
transom_curves6_007_line_004,3707.345553302919,36785.59537783215,18739.399924874306,3912.420614982776,33664.60025235788,16739.399597048792,3850.7832313701388
transom_curves6_007_line_005,3913.9915046976466,35742.94892171516,18739.39992487426,4833.250162434261,32389.560685250304,16739.399597048723,4561.008499417297
transom_curves6_007_line_006,4139.442012465885,34742.25825005217,18739.399924874288,5797.865860483422,31150.500424789512,16739.399597048854,5313.867319235357
transom_curves6_007_line_007,4031.8826371628948,33934.792238789094,18739.399924874266,6929.37292591138,30448.585022575135,16739.399597048756,6609.317408584791
transom_curves6_007_line_008,3846.007234693765,33047.14113901364,18739.399924874288,7995.404279662042,29762.986719168937,16739.399597048858,7917.301241120354
transom_curves6_007_line_009,2980.524866635219,32472.13227464795,18739.399924869354,9073.360563588427,30272.511817372186,16739.399597049163,8860.764671614994
transom_curves6_007_line_010,2931.192160489112,33837.41517119061,18739.399924874317,9020.569723931545,31730.57855942366,16739.399597048796,8629.256982343699
transom_curves6_007_line_011,2850.3255377124015,35213.78645441555,18739.399924873982,8819.814713762604,33204.10373389863,16739.3995970488,8527.360063448497
transom_curves6_007_line_012,2778.912481160738,36592.15303247728,18739.399924874302,8632.303323911112,34676.127796062494,16739.399597048803,8406.027916342198
transom_curves6_007_line_013,2713.669352226469,37970.273521483,18739.399924874266,8443.29940704562,36145.61178682106,16739.399597048814,8257.262862324513
transom_curves6_007_line_014,2637.1572807157895,39328.377119058394,18739.399924873887,8145.721268105594,37611.06806401654,16739.39959704883,8071.918684118306
transom_curves6_007_line_015,2560.878799594401,40663.31910246187,18739.39992487429,7754.840873995424,39064.94041406716,16739.399597048083,7812.151286598412
transom_curves6_007_line_016,2493.141340256422,41990.101614911524,18739.3999248743,7336.865976455861,40513.051841847104,16739.39959704883,7521.4639154582965
transom_curves6_007_line_017,2441.5172402127964,43318.378430096185,18739.399924874302,6923.717227374413,41930.81605109075,16739.3995970488,7112.597526301964
transom_curves6_007_line_018,2406.0362889033245,44601.59455070161,18739.399924874284,6393.628103953617,43267.17821948486,16739.399597048956,6484.964663995519
transom_curves6_007_line_019,2343.752733780419,45776.26172728211,18739.39992487429,5649.179409593838,44560.47445303023,16739.399597048807,5771.804323735797
transom_curves6_007_line_020,2302.6402745144946,46951.48553232809,18739.399924874306,4904.937534164774,45813.54682516947,16739.399597049556,4990.063448358048
transom_curves6_007_line_021,2265.1470690976466,48116.46417634609,18739.39992487431,4145.154572079359,47053.89482222172,16739.39959704879,4188.006655053146
transom_curves6_007_line_022,2212.9891013084575,49263.72822460048,18739.399924874306,3358.491243494494,48318.80876580883,16739.399597048774,3425.1745817783158
transom_curves6_007_line_023,2180.673035039566,50423.84882296664,18739.399924874295,2590.925950329357,49555.15567537009,16739.399597048803,2617.4926544042382
transom_curves6_007_line_024,2152.825676993506,51590.859491242794,18739.399924874295,1833.9980533594005,50794.44581000571,16739.399597048785,1814.4447273304224
transom_curves6_007_line_025,2110.575956167673,52692.74570224314,18739.399924874302,1000.0000237487197,52018.557630967065,16739.399597048796,1000.0000247468579
transom_curves6_008_line_001,9960.899863105558,37039.66431626869,16739.39959704879,1000.0000237487222,27281.614895569695,14739.40020054579,1000.0000237487214
transom_curves6_008_line_002,9518.153179180208,35962.68357466658,16739.399597048698,1918.708624654252,26659.233880731244,14739.400200545793,2121.3564688096094
transom_curves6_008_line_003,8385.833182986478,34809.63039126578,16739.399597048785,2744.1301482353792,26694.384882645718,14739.400200545784,3426.032576509864
transom_curves6_008_line_004,7282.278702493006,33789.53614009985,16739.39959704878,3725.0440748398096,26858.895611983855,14739.4002005458,4723.947165638385
transom_curves6_008_line_005,6057.809323423999,32613.29076460901,16739.399597048778,4484.841921414888,27102.242929762426,14739.400200545797,6009.770764011555
transom_curves6_008_line_006,5044.27968940148,31348.31559049761,16739.399597049138,5095.060355686056,27279.17186640805,14739.40020054579,7305.677769803005
transom_curves6_008_line_007,3697.4205274174506,30598.286186627436,16739.399597048865,6287.967435896325,28134.95431549825,14739.40020054574,8186.102589997385
transom_curves6_008_line_008,2195.3666555256987,29947.932485573227,16739.399597048807,7547.416443506609,29436.961577092974,14739.40020054581,8294.775725825764
transom_curves6_008_line_009,2287.3379546392202,29812.993371488603,16739.39959704879,8803.087387502468,30740.9831598237,14739.400200545777,8194.19307362977
transom_curves6_008_line_010,2255.4033038616026,31205.254592031415,16739.399597048803,8710.535792426195,32045.75944265253,14739.400200545819,8093.771596691787
transom_curves6_008_line_011,2203.443568129423,32614.5504621433,16739.399597048807,8566.517539700204,33351.73399018325,14739.400200545795,8008.192886917363
transom_curves6_008_line_012,2165.4926568565024,34028.995619149355,16739.39959704879,8466.347943223664,34657.80820139027,14739.400200545799,7924.171221754892
transom_curves6_008_line_013,2128.1398585634197,35440.92056765043,16739.399597048814,8334.740593788212,35963.03488221565,14739.400200545828,7828.402451713068
transom_curves6_008_line_014,2091.4860633020858,36849.03078040874,16739.39959704878,8168.297657519338,37267.466085462096,14739.400200545813,7721.947724776511
transom_curves6_008_line_015,2063.3260430702253,38251.640900860984,16739.39959704854,7963.121790814757,38566.75302330027,14739.400200545817,7565.603081453321
transom_curves6_008_line_016,2055.2352986725127,39645.86874887241,16739.399597048785,7704.31529317978,39841.16736519388,14739.400200545797,7273.208580914599
transom_curves6_008_line_017,2080.0216113176316,41030.400601537556,16739.399597048807,7398.605566925561,41071.66229237994,14739.400200545497,6828.702250209803
transom_curves6_008_line_018,2106.905578117097,42366.07591963019,16739.3995970488,6928.434551804387,42256.96793089675,14739.400200546163,6274.868200249649
transom_curves6_008_line_019,2117.3635392021665,43633.64067949396,16739.39959704832,6293.219955166668,43400.19708387669,14739.400200545797,5638.441474459223
transom_curves6_008_line_020,2121.166187397003,44864.8194642339,16739.39959704887,5590.00326376747,44525.49302088326,14739.400200545797,4970.159756592724
transom_curves6_008_line_021,2097.55756925565,46061.178797778724,16739.399597050437,4828.954988678474,45668.74919827146,14739.400200545797,4333.224033670304
transom_curves6_008_line_022,2085.5181059162505,47256.28123017809,16739.399597048785,4065.953453681886,46804.976100426,14739.400200545795,3684.231219653485
transom_curves6_008_line_023,2099.9813708228876,48470.59665149952,16739.399597048767,3333.6358054033512,47922.401545223685,14739.400200545799,3002.8695779160817
transom_curves6_008_line_024,2101.2234600114552,49653.205423405445,16739.399597048792,2551.531629781914,49046.951896282466,14739.400200545799,2333.3594414967847
transom_curves6_008_line_025,2113.2096755553034,50845.47458065969,16739.399597048796,1784.6600205787477,50173.321524115716,14739.400200545815,1666.8983314483044
transom_curves6_008_line_026,2125.501813110223,52018.557630967065,16739.399597048796,1000.0000247468579,51299.001954509375,14739.400200545797,1000.0000237487221
transom_curves6_009_line_001,3259.8883684084067,27281.614895569695,14739.40020054579,1000.0000237487214,24707.343957384983,12739.39987272031,1000.0000237487219
transom_curves6_009_line_002,2651.5049433382637,26646.191296573445,14739.400200545766,2234.418008671653,24907.311787764935,12739.399872720298,2316.729654816923
transom_curves6_009_line_003,2387.3993132462183,26717.70964282799,14739.400200545799,3652.4514946262034,25415.19920017471,12739.39987272029,3596.4094000407185
transom_curves6_009_line_004,2262.350245454571,26921.8283827384,14739.400200545795,5059.517726742264,25877.42357026592,12739.399872720303,4893.84965652169
transom_curves6_009_line_005,2195.366293258122,27155.92197840023,14739.400200545819,6461.75490262767,26286.695875601345,12739.399872720278,6208.618906600445
transom_curves6_009_line_006,2112.7847621364544,27508.285511102924,14739.400200545784,7821.964895065599,27021.296310151683,12739.39987272031,7345.835019957069
transom_curves6_009_line_007,2110.1873407717167,28811.64538966154,14739.400200545797,8267.567689680398,28288.2519808658,12739.39987272029,7844.544473437773
transom_curves6_009_line_008,2137.5413813881305,30231.806658076497,14739.400200545797,8249.087219943867,29658.701215144883,12739.399872720183,7758.544666105492
transom_curves6_009_line_009,2144.8588323832923,31648.297361495654,14739.400200545782,8119.945297769346,31031.37135841912,12739.399872720305,7651.095208424556
transom_curves6_009_line_010,2155.6160439489163,33067.81706480409,14739.400200545802,8026.660326892503,32406.266954843468,12739.399872720314,7569.461606816642
transom_curves6_009_line_011,2168.080858037521,34487.448789549286,14739.400200545786,7935.100221170592,33781.06057607007,12739.399872720292,7486.113598269336
transom_curves6_009_line_012,2180.0653521889117,35906.31706776068,14739.400200545824,7832.987613198175,35155.566160865936,12739.399872720305,7398.181099552053
transom_curves6_009_line_013,2192.0494832803965,37324.06217703373,14739.400200545842,7716.027698379544,36529.27568873936,12739.399872720312,7299.621569855561
transom_curves6_009_line_014,2206.864089186422,38735.275654343015,14739.4002005458,7538.407966007173,37895.621909124704,12739.399872720309,7131.923790448755
transom_curves6_009_line_015,2251.693289628214,40112.208930917644,14739.40020054581,7186.702551934198,39200.10671751392,12739.399872720314,6698.654489179448
transom_curves6_009_line_016,2294.741098111428,41438.01883329648,14739.400200545797,6672.393785551679,40453.49584575081,12739.399872720322,6127.829847107552
transom_curves6_009_line_017,2295.368289149459,42709.696876162045,14739.400200545828,6035.478680039575,41698.622088308555,12739.399872720309,5539.049385076282
transom_curves6_009_line_018,2258.3163619773372,43938.382110053004,14739.400200545799,5318.828471436695,42950.85903965135,12739.399872720278,4965.572664836369
transom_curves6_009_line_019,2242.4261607116614,45170.50690640042,14739.400200545813,4608.092500071437,44187.14111965316,12739.399872720289,4360.17012432293
transom_curves6_009_line_020,2254.475517261823,46415.94628406503,14739.400200545793,3920.628090199882,45398.20146131229,12739.399872720325,3704.170190387993
transom_curves6_009_line_021,2250.1093054127523,47630.89895892027,14739.400200545757,3180.6162739136626,46608.58862304307,12739.399872720272,3046.9295050782157
transom_curves6_009_line_022,2258.2104312148267,48851.09082676205,14739.400200545804,2449.3184695124837,47805.79292286176,12739.399872720303,2366.4611678004185
transom_curves6_009_line_023,2275.908717396398,50074.94334219634,14739.400200545808,1724.1122791865052,48990.445885374815,12739.399872720285,1663.9089174335113
transom_curves6_009_line_024,2283.434545433461,51299.001954509375,14739.400200545797,1000.0000237487221,50197.15259457999,12739.399872720294,1000.0000237487221
transom_curves6_010_line_001,2065.424879244454,24707.343957384983,12739.39987272031,1000.0000237487219,24190.671473241786,10739.642518456732,1000.0000237487216
transom_curves6_010_line_002,2012.014502084481,24907.311787764935,12739.399872720298,2316.729654816923,24745.0615734618,10739.642412372003,2165.576340800377
transom_curves6_010_line_003,2020.2493950996966,25415.19920017471,12739.39987272029,3596.4094000407185,25271.984589088235,10739.639399360996,3347.702257477722
transom_curves6_010_line_004,2032.81797065765,25877.42357026592,12739.399872720303,4893.84965652169,25755.11509141422,10739.633803743967,4549.8653440878215
transom_curves6_010_line_005,2049.9570011598557,26286.695875601345,12739.399872720278,6208.618906600445,26201.036849179396,10739.625949733292,5766.023725042858
transom_curves6_010_line_006,2077.1021048538855,27021.296310151683,12739.39987272031,7345.835019957069,26971.44608985484,10739.616161354732,6786.609468607964
transom_curves6_010_line_007,2078.6028370830545,28288.2519808658,12739.39987272029,7844.544473437773,28148.13406656617,10739.604750583148,7295.202873066441
transom_curves6_010_line_008,2080.6281583989526,29658.701215144883,12739.399872720183,7758.544666105492,29436.937742641094,10739.591980745341,7228.825031788607
transom_curves6_010_line_009,2088.5483269200768,31031.37135841912,12739.399872720305,7651.095208424556,30727.87450301974,10739.578094553663,7130.8677310516805
transom_curves6_010_line_010,2094.1861577775517,32406.266954843468,12739.399872720314,7569.461606816642,32022.513872249674,10739.563333628352,7080.582222980969
transom_curves6_010_line_011,2099.7549517983257,33781.06057607007,12739.399872720292,7486.113598269336,33317.61667295593,10739.547939856911,7044.7714941250315
transom_curves6_010_line_012,2124.3123005359007,35155.566160865936,12739.399872720305,7398.181099552053,34608.165715210875,10739.53215518663,6936.028944227191
transom_curves6_010_line_013,2184.175054374547,36529.27568873936,12739.399872720312,7299.621569855561,35882.189962776196,10739.516221396556,6706.017229764675
transom_curves6_010_line_014,2335.311037744166,37895.621909124704,12739.399872720309,7131.923790448755,37087.364992394854,10739.500380284007,6237.049263086895
transom_curves6_010_line_015,2388.9680312331548,39200.10671751392,12739.399872720314,6698.654489179448,38289.81408592625,10739.484870317705,5761.170856097684
transom_curves6_010_line_016,2321.5125660455747,40453.49584575081,12739.399872720322,6127.829847107552,39531.92891632057,10739.469929445862,5392.700463337429
transom_curves6_010_line_017,2302.074288159534,41698.622088308555,12739.399872720309,5539.049385076282,40738.45830935435,10739.455796810871,4924.350077264449
transom_curves6_010_line_018,2305.42892997328,42950.85903965135,12739.399872720278,4965.572664836369,41936.32836193977,10739.442712514288,4430.875168600763
transom_curves6_010_line_019,2289.368110153422,44187.14111965316,12739.399872720289,4360.17012432293,43145.3567077217,10739.430917178164,3965.181821063436
transom_curves6_010_line_020,2293.8658416314915,45398.20146131229,12739.399872720325,3704.170190387993,44314.00837701803,10739.42065084984,3410.1821507357395
transom_curves6_010_line_021,2316.2371697416547,46608.58862304307,12739.399872720272,3046.9295050782157,45463.86024873955,10739.41215044337,2813.2616076278105
transom_curves6_010_line_022,2322.997511555298,47805.79292286176,12739.399872720303,2366.4611678004185,46630.00710559657,10739.405650531764,2248.697583350074
transom_curves6_010_line_023,2333.5154579961554,48990.445885374815,12739.399872720285,1663.9089174335113,47788.247349028316,10739.401385131629,1668.281737625009
transom_curves6_010_line_024,2387.436153281334,50197.15259457999,12739.399872720294,1000.0000237487221,48893.36954210418,10739.399588202406,1000.0000237487221
transom_curves6_011_line_001,2002.889200408759,24190.671473241786,10739.642518456732,1000.0000237487216,24293.606453256612,8739.400148391698,1000.0000237487225
transom_curves6_011_line_002,2001.674296254058,24804.39139173757,10739.642245553992,2273.7684609933995,24746.173525115733,8739.400148391709,2225.3719628761633
transom_curves6_011_line_003,2008.253459167752,25364.16240108047,10739.638522725321,3576.6243175199925,25366.656180602753,8739.400148391696,3397.397692360357
transom_curves6_011_line_004,2026.3729213717197,25884.394438542393,10739.631776009383,4896.695185306582,25963.39311285387,8739.400148391667,4582.020969960977
transom_curves6_011_line_005,2037.2213881393245,26426.07820160183,10739.622431355972,6204.28333024145,26441.246880125927,8739.400148391705,5818.081680559104
transom_curves6_011_line_006,2044.0499420648666,27500.325056867412,10739.610912940858,7100.99387324938,27325.75643960189,8739.400148391676,6717.8191599618685
transom_curves6_011_line_007,2103.4133520897053,28886.19769174583,10739.597604255412,7299.248449295258,28646.12438942137,8739.400148391705,6694.333019820498
transom_curves6_011_line_008,2085.4548809198272,30296.329109371374,10739.582832408634,7147.657062451635,29971.856455537403,8739.400148391722,6654.596429440672
transom_curves6_011_line_009,2107.6166879609373,31714.263685918104,10739.56691459277,7092.484110152398,31295.960706377602,8739.400148391696,6576.341079526477
transom_curves6_011_line_010,2147.1329022209534,33132.62740969924,10739.550168540447,7050.787694103913,32616.825361034127,8739.40014839169,6464.675210623503
transom_curves6_011_line_011,2297.1348086423513,34546.916851516165,10739.532912163582,6943.445262089554,33868.73670312919,8739.400148391709,6039.913888701537
transom_curves6_011_line_012,2449.744164277902,35941.74565618276,10739.515463081718,6689.908310311037,35100.162324042845,8739.400148391678,5553.016629709809
transom_curves6_011_line_013,2395.501380459218,37254.653232280594,10739.498138768316,6157.85229125992,36372.5162184287,8739.400148391687,5178.123154474734
transom_curves6_011_line_014,2405.7492012839057,38585.55528909021,10739.481252388472,5673.435774194955,37625.19563413678,8739.400148391718,4743.374415976586
transom_curves6_011_line_015,2451.148894877304,39941.839011478085,10739.4651169667,5258.193125249465,38880.829361444645,8739.400148391702,4318.975605782734
transom_curves6_011_line_016,2390.4768768677577,41250.56946133926,10739.450046849854,4709.734463807682,40163.30417705385,8739.40014839168,3980.3276472062494
transom_curves6_011_line_017,2388.76852753687,42569.62958821064,10739.436358030376,4186.942287865901,41421.75766735329,8739.40014839181,3563.6764604756036
transom_curves6_011_line_018,2391.398540763839,43876.75467648883,10739.424366360025,3639.131424976053,42672.3041470294,8739.400148391702,3121.454855685434
transom_curves6_011_line_019,2359.506033187751,45133.860669877206,10739.414385221447,2980.901098691834,43920.47070059618,8739.40014839169,2672.8482532644903
transom_curves6_011_line_020,2393.374176313546,46407.88251029491,10739.406723485079,2356.2285062926326,45117.75523469846,8739.400148391704,2103.671066905303
transom_curves6_011_line_021,2433.0223256525446,47678.47624029608,10739.401688691694,1724.6371557976852,46308.300246007726,8739.400148391696,1519.1883285990812
transom_curves6_011_line_022,2421.17061842877,48893.36954210418,10739.399588202406,1000.0000237487221,47528.792902886154,8739.400148391685,1000.0000233152218
transom_curves6_012_line_001,1999.6610370980245,24293.606453256612,8739.400148391698,1000.0000237487225,24290.282721777894,6739.74187356147,1000.0000237487211
transom_curves6_012_line_002,2004.7908152934147,24778.89420365884,8739.400148391705,2283.0601549587113,24739.730625327233,6739.734007825022,2145.2640973654607
transom_curves6_012_line_003,2020.4382746504941,25426.329233130407,8739.400148391693,3515.85874920582,25375.987746241135,6739.720524302671,3231.3979305090584
transom_curves6_012_line_004,2044.6211976912718,26049.75934919468,8739.4001483917,4761.2063176559495,25968.26827975765,6739.70271071762,4342.822277078133
transom_curves6_012_line_005,2100.23511661077,26549.79288225085,8739.400148391693,6060.083025159715,26618.004263585615,6739.681843385955,5421.755951375093
transom_curves6_012_line_006,2066.7775995707143,27654.049827970488,8739.400148391678,6756.683979658358,27525.931090613303,6739.659198187032,6250.530477941829
transom_curves6_012_line_007,2057.342276353571,29043.835630049343,8739.400148391704,6682.357763674111,28772.913734960934,6739.635854318477,6282.106171568337
transom_curves6_012_line_008,2181.751892957464,30435.39906881784,8739.400148391878,6628.9993257936685,29962.837830226625,6739.612290910265,5895.803769837609
transom_curves6_012_line_009,2567.3120322168006,31825.82637910847,8739.400148391698,6549.041793653061,30992.289981462058,6739.588789920497,5171.702810289353
transom_curves6_012_line_010,2810.6457899372526,33195.28104399803,8739.400148391695,6319.626961597227,32138.01521713524,6739.56559876512,4651.520099924387
transom_curves6_012_line_011,2728.5571048520555,34472.7082824525,8739.400148391698,5765.986378675864,33343.757574275754,6739.542958620553,4292.532818679311
transom_curves6_012_line_012,2648.7775565950983,35799.95699052039,8739.400148391678,5346.825211370411,34588.69935332351,6739.52111096214,4102.091779544935
transom_curves6_012_line_013,2655.091468695496,37126.65372381575,8739.400148391704,4924.936148199264,35805.997147205024,6739.500297175719,3782.229930967234
transom_curves6_012_line_014,2646.3180001170676,38435.3254136283,8739.400148391702,4448.336902598147,37019.876727577284,6739.480761048433,3448.4236968504806
transom_curves6_012_line_015,2657.8522392303253,39778.560950186766,8739.40014839172,4081.9222416525813,38257.657582367734,6739.462748353047,3215.157067418561
transom_curves6_012_line_016,2670.6600637994748,41109.13780344034,8739.40014839177,3674.2855228195967,39490.54664382181,6739.446506191594,2958.203639632745
transom_curves6_012_line_017,2692.266791768174,42422.12116661407,8739.400148391755,3209.692672154432,40710.46887724821,6739.432281090275,2645.1792107313495
transom_curves6_012_line_018,2754.787494268207,43734.84194341809,8739.400148391696,2744.465598653681,41906.21140828795,6739.420319503616,2249.4452065414343
transom_curves6_012_line_019,2769.9964551846347,44999.17559296203,8739.400148391696,2163.113351961205,43105.844479664316,6739.410868030786,1866.0939324012334
transom_curves6_012_line_020,2781.817811656264,46247.83321954365,8739.400148391695,1546.434296309289,44314.602885143475,6739.40417363376,1512.5682018329067
transom_curves6_012_line_021,2874.6891274122454,47528.792902886154,8739.400148391685,1000.0000233152218,45463.88638698313,6739.400483430858,1000.0000237487221
transom_curves6_013_line_001,2022.6092512875405,24290.282721777894,6739.74187356147,1000.0000237487211,24588.354334623677,4739.216568295511,1000.0000237487235
transom_curves6_013_line_002,2028.9507025092491,24814.91134164534,6739.732763273822,2263.307507179017,24998.16878738394,4739.217172811845,1978.7112420722747
transom_curves6_013_line_003,2128.410318952413,25503.82400498127,6739.716895002261,3480.402772802637,25733.78421062323,4739.220755434525,2791.008846793126
transom_curves6_013_line_004,2395.7697502471506,26187.660365369826,6739.696031172907,4700.758369215815,26606.85921706214,4739.226947440745,3450.9149934398974
transom_curves6_013_line_005,2840.872259602699,26947.790713703347,6739.671922848899,5873.359511180271,27579.168130492384,4739.235380588803,3957.5903723382703
transom_curves6_013_line_006,2811.8358339267315,28216.389140065814,6739.646275771971,6336.404654204802,28584.552696823328,4739.2456892736245,4394.9428734923495
transom_curves6_013_line_007,2519.4212952088146,29586.16175197278,6739.6201510037745,6079.1978597189645,29661.283963640286,4739.257508271701,4549.364661743512
transom_curves6_013_line_008,2269.4435404149904,30757.735089255522,6739.593994076682,5324.078033627838,30714.561641989356,4739.270490988929,4252.996374940125
transom_curves6_013_line_009,2132.940071810077,32007.54707639743,6739.568152757283,4702.160258274663,31778.59691067008,4739.284315078539,3997.9729676567536
transom_curves6_013_line_010,2095.3260066919343,33343.757574275754,6739.542958620553,4292.532818679311,32869.74578180124,4739.298660854377,3886.667515692515
transom_curves6_013_line_011,2161.595502793691,34726.260463549064,6739.518742816042,4076.403275078363,33961.6090405839,4739.313205908517,3781.4776417744038
transom_curves6_013_line_012,2246.170891224013,36074.91558166707,6739.495836743104,3704.5796496940666,35053.29795006856,4739.32762778006,3674.4429072904245
transom_curves6_013_line_013,2386.6877096744934,37432.473893738024,6739.474575305575,3370.667443512406,36138.67985248844,4739.341604160977,3518.462233943734
transom_curves6_013_line_014,2569.044248441599,38807.684530427476,6739.455296383499,3111.0049932134807,37201.58009515471,4739.354814708734,3252.47921931984
transom_curves6_013_line_015,2811.9107029366746,40170.229718897,6739.438338548691,2791.8428435075903,38193.731478261856,4739.366940618083,2788.539930259827
transom_curves6_013_line_016,3094.4754994616737,41507.87914561751,6739.424039978081,2382.1449114814172,39150.21583022011,4739.377658957883,2251.696524117137
transom_curves6_013_line_017,3365.7743872130545,42837.1421537007,6739.412738799759,1944.4598549055393,40135.67645723115,4739.386643829947,1770.0582039456608
transom_curves6_013_line_018,3647.1878091293966,44181.60169171345,6739.4047736058965,1556.1228757923582,41140.11348254878,4739.3935693505255,1329.6641125982942
transom_curves6_013_line_019,3840.2118684162733,45463.88638698313,6739.400483430858,1000.0000237487221,42185.59144929329,4739.398109471673,1000.0000237487221
